--------------------------------------------------------
--  File created - Tuesday-June-07-2022   
--------------------------------------------------------
--------------------------------------------------------
--  DDL for Table ADMIN_INTERFACE_THEME
--------------------------------------------------------

  CREATE TABLE "ADMIN_INTERFACE_THEME" 
   (	"ID" NUMBER(11,0) GENERATED BY DEFAULT ON NULL AS IDENTITY MINVALUE 1 MAXVALUE 9999999999999999999999999999 INCREMENT BY 1 START WITH 1 CACHE 20 NOORDER  NOCYCLE  NOKEEP  NOSCALE , 
	"NAME" NVARCHAR2(50), 
	"ACTIVE" NUMBER(1,0), 
	"TITLE" NVARCHAR2(50), 
	"TITLE_VISIBLE" NUMBER(1,0), 
	"LOGO" NVARCHAR2(100), 
	"LOGO_VISIBLE" NUMBER(1,0), 
	"CSS_HEADER_BACKGROUND_COLOR" NVARCHAR2(10), 
	"TITLE_COLOR" NVARCHAR2(10), 
	"CSS_HEADER_TEXT_COLOR" NVARCHAR2(10), 
	"CSS_HEADER_LINK_COLOR" NVARCHAR2(10), 
	"CSS_HEADER_LINK_HOVER_COLOR" NVARCHAR2(10), 
	"CSS_MODULE_BACKGROUND_COLOR" NVARCHAR2(10), 
	"CSS_MODULE_TEXT_COLOR" NVARCHAR2(10), 
	"CSS_MODULE_LINK_COLOR" NVARCHAR2(10), 
	"CSS_MODULE_LINK_HOVER_COLOR" NVARCHAR2(10), 
	"CSS_MODULE_ROUNDED_CORNERS" NUMBER(1,0), 
	"CSS_GENERIC_LINK_COLOR" NVARCHAR2(10), 
	"CSS_GENERIC_LINK_HOVER_COLOR" NVARCHAR2(10), 
	"CSS_SAVE_BUTTON_BACKGROUND99E4" NVARCHAR2(10), 
	"CSS_SAVE_BUTTON_BACKGROUND20F4" NVARCHAR2(10), 
	"CSS_SAVE_BUTTON_TEXT_COLOR" NVARCHAR2(10), 
	"CSS_DELETE_BUTTON_BACKGROUE0B7" NVARCHAR2(10), 
	"CSS_DELETE_BUTTON_BACKGROUA080" NVARCHAR2(10), 
	"CSS_DELETE_BUTTON_TEXT_COLOR" NVARCHAR2(10), 
	"LIST_FILTER_DROPDOWN" NUMBER(1,0), 
	"RELATED_MODAL_ACTIVE" NUMBER(1,0) DEFAULT NULL, 
	"RELATED_MODAL_BACKGROUND_COLOR" NVARCHAR2(10) DEFAULT NULL, 
	"RELATED_MODAL_ROUNDED_CORNERS" NUMBER(1,0) DEFAULT NULL, 
	"LOGO_COLOR" NVARCHAR2(10) DEFAULT NULL, 
	"RECENT_ACTIONS_VISIBLE" NUMBER(1,0) DEFAULT NULL, 
	"FAVICON" NVARCHAR2(100) DEFAULT NULL, 
	"RELATED_MODAL_BACKGROUND_OE111" NVARCHAR2(5) DEFAULT NULL, 
	"ENV_NAME" NVARCHAR2(50) DEFAULT NULL, 
	"ENV_VISIBLE_IN_HEADER" NUMBER(1,0) DEFAULT NULL, 
	"ENV_COLOR" NVARCHAR2(10) DEFAULT NULL, 
	"ENV_VISIBLE_IN_FAVICON" NUMBER(1,0) DEFAULT NULL, 
	"RELATED_MODAL_CLOSE_BUTTON3B73" NUMBER(1,0) DEFAULT NULL, 
	"LANGUAGE_CHOOSER_ACTIVE" NUMBER(1,0) DEFAULT NULL, 
	"LANGUAGE_CHOOSER_DISPLAY" NVARCHAR2(10) DEFAULT NULL, 
	"LIST_FILTER_STICKY" NUMBER(1,0) DEFAULT NULL, 
	"FORM_PAGINATION_STICKY" NUMBER(1,0) DEFAULT NULL, 
	"FORM_SUBMIT_STICKY" NUMBER(1,0) DEFAULT NULL, 
	"CSS_MODULE_BACKGROUND_SELE1A15" NVARCHAR2(10) DEFAULT NULL, 
	"CSS_MODULE_LINK_SELECTED_COLOR" NVARCHAR2(10) DEFAULT NULL, 
	"LOGO_MAX_HEIGHT" NUMBER(11,0) DEFAULT NULL, 
	"LOGO_MAX_WIDTH" NUMBER(11,0) DEFAULT NULL, 
	"FOLDABLE_APPS" NUMBER(1,0) DEFAULT NULL
   ) SEGMENT CREATION IMMEDIATE 
  PCTFREE 10 PCTUSED 40 INITRANS 1 MAXTRANS 255 
 NOCOMPRESS LOGGING
  STORAGE(INITIAL 65536 NEXT 1048576 MINEXTENTS 1 MAXEXTENTS 2147483645
  PCTINCREASE 0 FREELISTS 1 FREELIST GROUPS 1
  BUFFER_POOL DEFAULT FLASH_CACHE DEFAULT CELL_FLASH_CACHE DEFAULT)
  TABLESPACE "USERS" ;
--------------------------------------------------------
--  DDL for Table AUTH_GROUP
--------------------------------------------------------

  CREATE TABLE "AUTH_GROUP" 
   (	"ID" NUMBER(11,0) GENERATED BY DEFAULT ON NULL AS IDENTITY MINVALUE 1 MAXVALUE 9999999999999999999999999999 INCREMENT BY 1 START WITH 1 CACHE 20 NOORDER  NOCYCLE  NOKEEP  NOSCALE , 
	"NAME" NVARCHAR2(150)
   ) SEGMENT CREATION DEFERRED 
  PCTFREE 10 PCTUSED 40 INITRANS 1 MAXTRANS 255 
 NOCOMPRESS LOGGING
  TABLESPACE "USERS" ;
--------------------------------------------------------
--  DDL for Table AUTH_GROUP_PERMISSIONS
--------------------------------------------------------

  CREATE TABLE "AUTH_GROUP_PERMISSIONS" 
   (	"ID" NUMBER(19,0) GENERATED BY DEFAULT ON NULL AS IDENTITY MINVALUE 1 MAXVALUE 9999999999999999999999999999 INCREMENT BY 1 START WITH 1 CACHE 20 NOORDER  NOCYCLE  NOKEEP  NOSCALE , 
	"GROUP_ID" NUMBER(11,0), 
	"PERMISSION_ID" NUMBER(11,0)
   ) SEGMENT CREATION DEFERRED 
  PCTFREE 10 PCTUSED 40 INITRANS 1 MAXTRANS 255 
 NOCOMPRESS LOGGING
  TABLESPACE "USERS" ;
--------------------------------------------------------
--  DDL for Table AUTH_PERMISSION
--------------------------------------------------------

  CREATE TABLE "AUTH_PERMISSION" 
   (	"ID" NUMBER(11,0) GENERATED BY DEFAULT ON NULL AS IDENTITY MINVALUE 1 MAXVALUE 9999999999999999999999999999 INCREMENT BY 1 START WITH 1 CACHE 20 NOORDER  NOCYCLE  NOKEEP  NOSCALE , 
	"NAME" NVARCHAR2(255), 
	"CONTENT_TYPE_ID" NUMBER(11,0), 
	"CODENAME" NVARCHAR2(100)
   ) SEGMENT CREATION IMMEDIATE 
  PCTFREE 10 PCTUSED 40 INITRANS 1 MAXTRANS 255 
 NOCOMPRESS LOGGING
  STORAGE(INITIAL 65536 NEXT 1048576 MINEXTENTS 1 MAXEXTENTS 2147483645
  PCTINCREASE 0 FREELISTS 1 FREELIST GROUPS 1
  BUFFER_POOL DEFAULT FLASH_CACHE DEFAULT CELL_FLASH_CACHE DEFAULT)
  TABLESPACE "USERS" ;
--------------------------------------------------------
--  DDL for Table AUTH_USER
--------------------------------------------------------

  CREATE TABLE "AUTH_USER" 
   (	"ID" NUMBER(11,0) GENERATED BY DEFAULT ON NULL AS IDENTITY MINVALUE 1 MAXVALUE 9999999999999999999999999999 INCREMENT BY 1 START WITH 1 CACHE 20 NOORDER  NOCYCLE  NOKEEP  NOSCALE , 
	"PASSWORD" NVARCHAR2(128), 
	"LAST_LOGIN" TIMESTAMP (6), 
	"IS_SUPERUSER" NUMBER(1,0), 
	"USERNAME" NVARCHAR2(150), 
	"FIRST_NAME" NVARCHAR2(150), 
	"LAST_NAME" NVARCHAR2(150), 
	"EMAIL" NVARCHAR2(254), 
	"IS_STAFF" NUMBER(1,0), 
	"IS_ACTIVE" NUMBER(1,0), 
	"DATE_JOINED" TIMESTAMP (6)
   ) SEGMENT CREATION IMMEDIATE 
  PCTFREE 10 PCTUSED 40 INITRANS 1 MAXTRANS 255 
 NOCOMPRESS LOGGING
  STORAGE(INITIAL 65536 NEXT 1048576 MINEXTENTS 1 MAXEXTENTS 2147483645
  PCTINCREASE 0 FREELISTS 1 FREELIST GROUPS 1
  BUFFER_POOL DEFAULT FLASH_CACHE DEFAULT CELL_FLASH_CACHE DEFAULT)
  TABLESPACE "USERS" ;
--------------------------------------------------------
--  DDL for Table AUTH_USER_GROUPS
--------------------------------------------------------

  CREATE TABLE "AUTH_USER_GROUPS" 
   (	"ID" NUMBER(19,0) GENERATED BY DEFAULT ON NULL AS IDENTITY MINVALUE 1 MAXVALUE 9999999999999999999999999999 INCREMENT BY 1 START WITH 1 CACHE 20 NOORDER  NOCYCLE  NOKEEP  NOSCALE , 
	"USER_ID" NUMBER(11,0), 
	"GROUP_ID" NUMBER(11,0)
   ) SEGMENT CREATION DEFERRED 
  PCTFREE 10 PCTUSED 40 INITRANS 1 MAXTRANS 255 
 NOCOMPRESS LOGGING
  TABLESPACE "USERS" ;
--------------------------------------------------------
--  DDL for Table AUTH_USER_USER_PERMISSIONS
--------------------------------------------------------

  CREATE TABLE "AUTH_USER_USER_PERMISSIONS" 
   (	"ID" NUMBER(19,0) GENERATED BY DEFAULT ON NULL AS IDENTITY MINVALUE 1 MAXVALUE 9999999999999999999999999999 INCREMENT BY 1 START WITH 1 CACHE 20 NOORDER  NOCYCLE  NOKEEP  NOSCALE , 
	"USER_ID" NUMBER(11,0), 
	"PERMISSION_ID" NUMBER(11,0)
   ) SEGMENT CREATION DEFERRED 
  PCTFREE 10 PCTUSED 40 INITRANS 1 MAXTRANS 255 
 NOCOMPRESS LOGGING
  TABLESPACE "USERS" ;
--------------------------------------------------------
--  DDL for Table CORE_CONTACTO1
--------------------------------------------------------

  CREATE TABLE "CORE_CONTACTO1" 
   (	"ID" NUMBER(19,0) GENERATED BY DEFAULT ON NULL AS IDENTITY MINVALUE 1 MAXVALUE 9999999999999999999999999999 INCREMENT BY 1 START WITH 1 CACHE 20 NOORDER  NOCYCLE  NOKEEP  NOSCALE , 
	"NOMBRE" NVARCHAR2(50), 
	"CORREO" NVARCHAR2(254), 
	"TIPO_CONSULTA" NUMBER(11,0), 
	"MENSAJE" NCLOB, 
	"AVISOS" NUMBER(1,0)
   ) SEGMENT CREATION DEFERRED 
  PCTFREE 10 PCTUSED 40 INITRANS 1 MAXTRANS 255 
 NOCOMPRESS LOGGING
  TABLESPACE "USERS" 
 LOB ("MENSAJE") STORE AS SECUREFILE (
  TABLESPACE "USERS" ENABLE STORAGE IN ROW CHUNK 8192
  NOCACHE LOGGING  NOCOMPRESS  KEEP_DUPLICATES ) ;
--------------------------------------------------------
--  DDL for Table CORE_MARCA
--------------------------------------------------------

  CREATE TABLE "CORE_MARCA" 
   (	"ID" NUMBER(19,0) GENERATED BY DEFAULT ON NULL AS IDENTITY MINVALUE 1 MAXVALUE 9999999999999999999999999999 INCREMENT BY 1 START WITH 1 CACHE 20 NOORDER  NOCYCLE  NOKEEP  NOSCALE , 
	"NOMBRE" NVARCHAR2(50)
   ) SEGMENT CREATION IMMEDIATE 
  PCTFREE 10 PCTUSED 40 INITRANS 1 MAXTRANS 255 
 NOCOMPRESS LOGGING
  STORAGE(INITIAL 65536 NEXT 1048576 MINEXTENTS 1 MAXEXTENTS 2147483645
  PCTINCREASE 0 FREELISTS 1 FREELIST GROUPS 1
  BUFFER_POOL DEFAULT FLASH_CACHE DEFAULT CELL_FLASH_CACHE DEFAULT)
  TABLESPACE "USERS" ;
--------------------------------------------------------
--  DDL for Table CORE_PRODUCTO
--------------------------------------------------------

  CREATE TABLE "CORE_PRODUCTO" 
   (	"ID" NUMBER(19,0) GENERATED BY DEFAULT ON NULL AS IDENTITY MINVALUE 1 MAXVALUE 9999999999999999999999999999 INCREMENT BY 1 START WITH 1 CACHE 20 NOORDER  NOCYCLE  NOKEEP  NOSCALE , 
	"NOMBRE" NVARCHAR2(50), 
	"PRECIO" NUMBER(11,0), 
	"PRECIO_OFERTA" NUMBER(11,0), 
	"DESCRIPCION" NCLOB, 
	"NUEVO" NUMBER(1,0), 
	"MARCA_ID" NUMBER(19,0), 
	"IMAGEN" NVARCHAR2(100), 
	"STOCK" NUMBER(11,0)
   ) SEGMENT CREATION IMMEDIATE 
  PCTFREE 10 PCTUSED 40 INITRANS 1 MAXTRANS 255 
 NOCOMPRESS LOGGING
  STORAGE(INITIAL 65536 NEXT 1048576 MINEXTENTS 1 MAXEXTENTS 2147483645
  PCTINCREASE 0 FREELISTS 1 FREELIST GROUPS 1
  BUFFER_POOL DEFAULT FLASH_CACHE DEFAULT CELL_FLASH_CACHE DEFAULT)
  TABLESPACE "USERS" 
 LOB ("DESCRIPCION") STORE AS SECUREFILE (
  TABLESPACE "USERS" ENABLE STORAGE IN ROW CHUNK 8192
  NOCACHE LOGGING  NOCOMPRESS  KEEP_DUPLICATES 
  STORAGE(INITIAL 106496 NEXT 1048576 MINEXTENTS 1 MAXEXTENTS 2147483645
  PCTINCREASE 0
  BUFFER_POOL DEFAULT FLASH_CACHE DEFAULT CELL_FLASH_CACHE DEFAULT)) ;
--------------------------------------------------------
--  DDL for Table DJANGO_ADMIN_LOG
--------------------------------------------------------

  CREATE TABLE "DJANGO_ADMIN_LOG" 
   (	"ID" NUMBER(11,0) GENERATED BY DEFAULT ON NULL AS IDENTITY MINVALUE 1 MAXVALUE 9999999999999999999999999999 INCREMENT BY 1 START WITH 1 CACHE 20 NOORDER  NOCYCLE  NOKEEP  NOSCALE , 
	"ACTION_TIME" TIMESTAMP (6), 
	"OBJECT_ID" NCLOB, 
	"OBJECT_REPR" NVARCHAR2(200), 
	"ACTION_FLAG" NUMBER(11,0), 
	"CHANGE_MESSAGE" NCLOB, 
	"CONTENT_TYPE_ID" NUMBER(11,0), 
	"USER_ID" NUMBER(11,0)
   ) SEGMENT CREATION IMMEDIATE 
  PCTFREE 10 PCTUSED 40 INITRANS 1 MAXTRANS 255 
 NOCOMPRESS LOGGING
  STORAGE(INITIAL 65536 NEXT 1048576 MINEXTENTS 1 MAXEXTENTS 2147483645
  PCTINCREASE 0 FREELISTS 1 FREELIST GROUPS 1
  BUFFER_POOL DEFAULT FLASH_CACHE DEFAULT CELL_FLASH_CACHE DEFAULT)
  TABLESPACE "USERS" 
 LOB ("OBJECT_ID") STORE AS SECUREFILE (
  TABLESPACE "USERS" ENABLE STORAGE IN ROW CHUNK 8192
  NOCACHE LOGGING  NOCOMPRESS  KEEP_DUPLICATES 
  STORAGE(INITIAL 106496 NEXT 1048576 MINEXTENTS 1 MAXEXTENTS 2147483645
  PCTINCREASE 0
  BUFFER_POOL DEFAULT FLASH_CACHE DEFAULT CELL_FLASH_CACHE DEFAULT)) 
 LOB ("CHANGE_MESSAGE") STORE AS SECUREFILE (
  TABLESPACE "USERS" ENABLE STORAGE IN ROW CHUNK 8192
  NOCACHE LOGGING  NOCOMPRESS  KEEP_DUPLICATES 
  STORAGE(INITIAL 106496 NEXT 1048576 MINEXTENTS 1 MAXEXTENTS 2147483645
  PCTINCREASE 0
  BUFFER_POOL DEFAULT FLASH_CACHE DEFAULT CELL_FLASH_CACHE DEFAULT)) ;
--------------------------------------------------------
--  DDL for Table DJANGO_CONTENT_TYPE
--------------------------------------------------------

  CREATE TABLE "DJANGO_CONTENT_TYPE" 
   (	"ID" NUMBER(11,0) GENERATED BY DEFAULT ON NULL AS IDENTITY MINVALUE 1 MAXVALUE 9999999999999999999999999999 INCREMENT BY 1 START WITH 1 CACHE 20 NOORDER  NOCYCLE  NOKEEP  NOSCALE , 
	"APP_LABEL" NVARCHAR2(100), 
	"MODEL" NVARCHAR2(100)
   ) SEGMENT CREATION IMMEDIATE 
  PCTFREE 10 PCTUSED 40 INITRANS 1 MAXTRANS 255 
 NOCOMPRESS LOGGING
  STORAGE(INITIAL 65536 NEXT 1048576 MINEXTENTS 1 MAXEXTENTS 2147483645
  PCTINCREASE 0 FREELISTS 1 FREELIST GROUPS 1
  BUFFER_POOL DEFAULT FLASH_CACHE DEFAULT CELL_FLASH_CACHE DEFAULT)
  TABLESPACE "USERS" ;
--------------------------------------------------------
--  DDL for Table DJANGO_MIGRATIONS
--------------------------------------------------------

  CREATE TABLE "DJANGO_MIGRATIONS" 
   (	"ID" NUMBER(19,0) GENERATED BY DEFAULT ON NULL AS IDENTITY MINVALUE 1 MAXVALUE 9999999999999999999999999999 INCREMENT BY 1 START WITH 1 CACHE 20 NOORDER  NOCYCLE  NOKEEP  NOSCALE , 
	"APP" NVARCHAR2(255), 
	"NAME" NVARCHAR2(255), 
	"APPLIED" TIMESTAMP (6)
   ) SEGMENT CREATION IMMEDIATE 
  PCTFREE 10 PCTUSED 40 INITRANS 1 MAXTRANS 255 
 NOCOMPRESS LOGGING
  STORAGE(INITIAL 65536 NEXT 1048576 MINEXTENTS 1 MAXEXTENTS 2147483645
  PCTINCREASE 0 FREELISTS 1 FREELIST GROUPS 1
  BUFFER_POOL DEFAULT FLASH_CACHE DEFAULT CELL_FLASH_CACHE DEFAULT)
  TABLESPACE "USERS" ;
--------------------------------------------------------
--  DDL for Table DJANGO_SESSION
--------------------------------------------------------

  CREATE TABLE "DJANGO_SESSION" 
   (	"SESSION_KEY" NVARCHAR2(40), 
	"SESSION_DATA" NCLOB, 
	"EXPIRE_DATE" TIMESTAMP (6)
   ) SEGMENT CREATION IMMEDIATE 
  PCTFREE 10 PCTUSED 40 INITRANS 1 MAXTRANS 255 
 NOCOMPRESS LOGGING
  STORAGE(INITIAL 65536 NEXT 1048576 MINEXTENTS 1 MAXEXTENTS 2147483645
  PCTINCREASE 0 FREELISTS 1 FREELIST GROUPS 1
  BUFFER_POOL DEFAULT FLASH_CACHE DEFAULT CELL_FLASH_CACHE DEFAULT)
  TABLESPACE "USERS" 
 LOB ("SESSION_DATA") STORE AS SECUREFILE (
  TABLESPACE "USERS" ENABLE STORAGE IN ROW CHUNK 8192
  NOCACHE LOGGING  NOCOMPRESS  KEEP_DUPLICATES 
  STORAGE(INITIAL 106496 NEXT 1048576 MINEXTENTS 1 MAXEXTENTS 2147483645
  PCTINCREASE 0
  BUFFER_POOL DEFAULT FLASH_CACHE DEFAULT CELL_FLASH_CACHE DEFAULT)) ;
REM INSERTING into ADMIN_INTERFACE_THEME
SET DEFINE OFF;
Insert into ADMIN_INTERFACE_THEME (ID,NAME,ACTIVE,TITLE,TITLE_VISIBLE,LOGO,LOGO_VISIBLE,CSS_HEADER_BACKGROUND_COLOR,TITLE_COLOR,CSS_HEADER_TEXT_COLOR,CSS_HEADER_LINK_COLOR,CSS_HEADER_LINK_HOVER_COLOR,CSS_MODULE_BACKGROUND_COLOR,CSS_MODULE_TEXT_COLOR,CSS_MODULE_LINK_COLOR,CSS_MODULE_LINK_HOVER_COLOR,CSS_MODULE_ROUNDED_CORNERS,CSS_GENERIC_LINK_COLOR,CSS_GENERIC_LINK_HOVER_COLOR,CSS_SAVE_BUTTON_BACKGROUND99E4,CSS_SAVE_BUTTON_BACKGROUND20F4,CSS_SAVE_BUTTON_TEXT_COLOR,CSS_DELETE_BUTTON_BACKGROUE0B7,CSS_DELETE_BUTTON_BACKGROUA080,CSS_DELETE_BUTTON_TEXT_COLOR,LIST_FILTER_DROPDOWN,RELATED_MODAL_ACTIVE,RELATED_MODAL_BACKGROUND_COLOR,RELATED_MODAL_ROUNDED_CORNERS,LOGO_COLOR,RECENT_ACTIONS_VISIBLE,FAVICON,RELATED_MODAL_BACKGROUND_OE111,ENV_NAME,ENV_VISIBLE_IN_HEADER,ENV_COLOR,ENV_VISIBLE_IN_FAVICON,RELATED_MODAL_CLOSE_BUTTON3B73,LANGUAGE_CHOOSER_ACTIVE,LANGUAGE_CHOOSER_DISPLAY,LIST_FILTER_STICKY,FORM_PAGINATION_STICKY,FORM_SUBMIT_STICKY,CSS_MODULE_BACKGROUND_SELE1A15,CSS_MODULE_LINK_SELECTED_COLOR,LOGO_MAX_HEIGHT,LOGO_MAX_WIDTH,FOLDABLE_APPS) values (1,'Django',1,'Django administration',1,null,1,'#0C4B33','#F5DD5D','#44B78B','#FFFFFF','#C9F0DD','#44B78B','#FFFFFF','#FFFFFF','#C9F0DD',1,'#0C3C26','#156641','#0C4B33','#0C3C26','#FFFFFF','#BA2121','#A41515','#FFFFFF',1,1,'#000000',1,'#FFFFFF',1,null,'0.3',null,1,'#E74C3C',1,1,1,'code',1,0,0,'#FFFFCC','#FFFFFF',100,400,1);
REM INSERTING into AUTH_GROUP
SET DEFINE OFF;
REM INSERTING into AUTH_GROUP_PERMISSIONS
SET DEFINE OFF;
REM INSERTING into AUTH_PERMISSION
SET DEFINE OFF;
Insert into AUTH_PERMISSION (ID,NAME,CONTENT_TYPE_ID,CODENAME) values (1,'Can add Theme',1,'add_theme');
Insert into AUTH_PERMISSION (ID,NAME,CONTENT_TYPE_ID,CODENAME) values (2,'Can change Theme',1,'change_theme');
Insert into AUTH_PERMISSION (ID,NAME,CONTENT_TYPE_ID,CODENAME) values (3,'Can delete Theme',1,'delete_theme');
Insert into AUTH_PERMISSION (ID,NAME,CONTENT_TYPE_ID,CODENAME) values (4,'Can view Theme',1,'view_theme');
Insert into AUTH_PERMISSION (ID,NAME,CONTENT_TYPE_ID,CODENAME) values (5,'Can add log entry',2,'add_logentry');
Insert into AUTH_PERMISSION (ID,NAME,CONTENT_TYPE_ID,CODENAME) values (6,'Can change log entry',2,'change_logentry');
Insert into AUTH_PERMISSION (ID,NAME,CONTENT_TYPE_ID,CODENAME) values (7,'Can delete log entry',2,'delete_logentry');
Insert into AUTH_PERMISSION (ID,NAME,CONTENT_TYPE_ID,CODENAME) values (8,'Can view log entry',2,'view_logentry');
Insert into AUTH_PERMISSION (ID,NAME,CONTENT_TYPE_ID,CODENAME) values (9,'Can add permission',3,'add_permission');
Insert into AUTH_PERMISSION (ID,NAME,CONTENT_TYPE_ID,CODENAME) values (10,'Can change permission',3,'change_permission');
Insert into AUTH_PERMISSION (ID,NAME,CONTENT_TYPE_ID,CODENAME) values (11,'Can delete permission',3,'delete_permission');
Insert into AUTH_PERMISSION (ID,NAME,CONTENT_TYPE_ID,CODENAME) values (12,'Can view permission',3,'view_permission');
Insert into AUTH_PERMISSION (ID,NAME,CONTENT_TYPE_ID,CODENAME) values (13,'Can add group',4,'add_group');
Insert into AUTH_PERMISSION (ID,NAME,CONTENT_TYPE_ID,CODENAME) values (14,'Can change group',4,'change_group');
Insert into AUTH_PERMISSION (ID,NAME,CONTENT_TYPE_ID,CODENAME) values (15,'Can delete group',4,'delete_group');
Insert into AUTH_PERMISSION (ID,NAME,CONTENT_TYPE_ID,CODENAME) values (16,'Can view group',4,'view_group');
Insert into AUTH_PERMISSION (ID,NAME,CONTENT_TYPE_ID,CODENAME) values (17,'Can add user',5,'add_user');
Insert into AUTH_PERMISSION (ID,NAME,CONTENT_TYPE_ID,CODENAME) values (18,'Can change user',5,'change_user');
Insert into AUTH_PERMISSION (ID,NAME,CONTENT_TYPE_ID,CODENAME) values (19,'Can delete user',5,'delete_user');
Insert into AUTH_PERMISSION (ID,NAME,CONTENT_TYPE_ID,CODENAME) values (20,'Can view user',5,'view_user');
Insert into AUTH_PERMISSION (ID,NAME,CONTENT_TYPE_ID,CODENAME) values (21,'Can add content type',6,'add_contenttype');
Insert into AUTH_PERMISSION (ID,NAME,CONTENT_TYPE_ID,CODENAME) values (22,'Can change content type',6,'change_contenttype');
Insert into AUTH_PERMISSION (ID,NAME,CONTENT_TYPE_ID,CODENAME) values (23,'Can delete content type',6,'delete_contenttype');
Insert into AUTH_PERMISSION (ID,NAME,CONTENT_TYPE_ID,CODENAME) values (24,'Can view content type',6,'view_contenttype');
Insert into AUTH_PERMISSION (ID,NAME,CONTENT_TYPE_ID,CODENAME) values (25,'Can add session',7,'add_session');
Insert into AUTH_PERMISSION (ID,NAME,CONTENT_TYPE_ID,CODENAME) values (26,'Can change session',7,'change_session');
Insert into AUTH_PERMISSION (ID,NAME,CONTENT_TYPE_ID,CODENAME) values (27,'Can delete session',7,'delete_session');
Insert into AUTH_PERMISSION (ID,NAME,CONTENT_TYPE_ID,CODENAME) values (28,'Can view session',7,'view_session');
Insert into AUTH_PERMISSION (ID,NAME,CONTENT_TYPE_ID,CODENAME) values (29,'Can add marca',8,'add_marca');
Insert into AUTH_PERMISSION (ID,NAME,CONTENT_TYPE_ID,CODENAME) values (30,'Can change marca',8,'change_marca');
Insert into AUTH_PERMISSION (ID,NAME,CONTENT_TYPE_ID,CODENAME) values (31,'Can delete marca',8,'delete_marca');
Insert into AUTH_PERMISSION (ID,NAME,CONTENT_TYPE_ID,CODENAME) values (32,'Can view marca',8,'view_marca');
Insert into AUTH_PERMISSION (ID,NAME,CONTENT_TYPE_ID,CODENAME) values (33,'Can add producto',9,'add_producto');
Insert into AUTH_PERMISSION (ID,NAME,CONTENT_TYPE_ID,CODENAME) values (34,'Can change producto',9,'change_producto');
Insert into AUTH_PERMISSION (ID,NAME,CONTENT_TYPE_ID,CODENAME) values (35,'Can delete producto',9,'delete_producto');
Insert into AUTH_PERMISSION (ID,NAME,CONTENT_TYPE_ID,CODENAME) values (36,'Can view producto',9,'view_producto');
Insert into AUTH_PERMISSION (ID,NAME,CONTENT_TYPE_ID,CODENAME) values (37,'Can add contacto1',10,'add_contacto1');
Insert into AUTH_PERMISSION (ID,NAME,CONTENT_TYPE_ID,CODENAME) values (38,'Can change contacto1',10,'change_contacto1');
Insert into AUTH_PERMISSION (ID,NAME,CONTENT_TYPE_ID,CODENAME) values (39,'Can delete contacto1',10,'delete_contacto1');
Insert into AUTH_PERMISSION (ID,NAME,CONTENT_TYPE_ID,CODENAME) values (40,'Can view contacto1',10,'view_contacto1');
REM INSERTING into AUTH_USER
SET DEFINE OFF;
Insert into AUTH_USER (ID,PASSWORD,LAST_LOGIN,IS_SUPERUSER,USERNAME,FIRST_NAME,LAST_NAME,EMAIL,IS_STAFF,IS_ACTIVE,DATE_JOINED) values (1,'pbkdf2_sha256$320000$eXNCm1zKAi8CqwaEbgwWWy$9Db2pn9ZftT19q+thLlVC2XAnHu7ELc1njT2f8B7sgQ=',to_timestamp('08/06/2022 02.47.07.075308000 AM','DD/MM/YYYY HH.MI.SSXFF AM'),1,'admin',null,null,'admin@admin.cl',1,1,to_timestamp('08/06/2022 02.46.42.916892000 AM','DD/MM/YYYY HH.MI.SSXFF AM'));
REM INSERTING into AUTH_USER_GROUPS
SET DEFINE OFF;
REM INSERTING into AUTH_USER_USER_PERMISSIONS
SET DEFINE OFF;
REM INSERTING into CORE_CONTACTO1
SET DEFINE OFF;
REM INSERTING into CORE_MARCA
SET DEFINE OFF;
Insert into CORE_MARCA (ID,NOMBRE) values (1,'Hills');
Insert into CORE_MARCA (ID,NOMBRE) values (2,'Pedegree');
Insert into CORE_MARCA (ID,NOMBRE) values (3,'Master Cat');
Insert into CORE_MARCA (ID,NOMBRE) values (4,'Master Dogs');
Insert into CORE_MARCA (ID,NOMBRE) values (5,'Purina');
REM INSERTING into CORE_PRODUCTO
SET DEFINE OFF;
Insert into CORE_PRODUCTO (ID,NOMBRE,PRECIO,PRECIO_OFERTA,NUEVO,MARCA_ID,IMAGEN,STOCK) values (1,'HILLS CANINO ADULT ADVANCED FITNESS ORIGINAL',15990,13990,1,1,'productos/cart-hills-perro_ivTrGJG.jpg',25);
Insert into CORE_PRODUCTO (ID,NOMBRE,PRECIO,PRECIO_OFERTA,NUEVO,MARCA_ID,IMAGEN,STOCK) values (2,'HILLS CANINO ADULT LIGHT SMALL BITES 6.8 kg',37990,30990,1,1,'productos/cart-hills-perro_fmxnb6A_Y3pfu9N.jpg',20);
REM INSERTING into DJANGO_ADMIN_LOG
SET DEFINE OFF;
Insert into DJANGO_ADMIN_LOG (ID,ACTION_TIME,OBJECT_REPR,ACTION_FLAG,CONTENT_TYPE_ID,USER_ID) values (1,to_timestamp('08/06/2022 02.47.27.815720000 AM','DD/MM/YYYY HH.MI.SSXFF AM'),'Hills',1,8,1);
Insert into DJANGO_ADMIN_LOG (ID,ACTION_TIME,OBJECT_REPR,ACTION_FLAG,CONTENT_TYPE_ID,USER_ID) values (2,to_timestamp('08/06/2022 02.47.44.213985000 AM','DD/MM/YYYY HH.MI.SSXFF AM'),'Pedegree',1,8,1);
Insert into DJANGO_ADMIN_LOG (ID,ACTION_TIME,OBJECT_REPR,ACTION_FLAG,CONTENT_TYPE_ID,USER_ID) values (3,to_timestamp('08/06/2022 02.47.56.997957000 AM','DD/MM/YYYY HH.MI.SSXFF AM'),'Master Cat',1,8,1);
Insert into DJANGO_ADMIN_LOG (ID,ACTION_TIME,OBJECT_REPR,ACTION_FLAG,CONTENT_TYPE_ID,USER_ID) values (4,to_timestamp('08/06/2022 02.48.15.140996000 AM','DD/MM/YYYY HH.MI.SSXFF AM'),'Master Dogs',1,8,1);
Insert into DJANGO_ADMIN_LOG (ID,ACTION_TIME,OBJECT_REPR,ACTION_FLAG,CONTENT_TYPE_ID,USER_ID) values (5,to_timestamp('08/06/2022 02.48.24.446565000 AM','DD/MM/YYYY HH.MI.SSXFF AM'),'Purina',1,8,1);
REM INSERTING into DJANGO_CONTENT_TYPE
SET DEFINE OFF;
Insert into DJANGO_CONTENT_TYPE (ID,APP_LABEL,MODEL) values (1,'admin_interface','theme');
Insert into DJANGO_CONTENT_TYPE (ID,APP_LABEL,MODEL) values (2,'admin','logentry');
Insert into DJANGO_CONTENT_TYPE (ID,APP_LABEL,MODEL) values (3,'auth','permission');
Insert into DJANGO_CONTENT_TYPE (ID,APP_LABEL,MODEL) values (4,'auth','group');
Insert into DJANGO_CONTENT_TYPE (ID,APP_LABEL,MODEL) values (5,'auth','user');
Insert into DJANGO_CONTENT_TYPE (ID,APP_LABEL,MODEL) values (6,'contenttypes','contenttype');
Insert into DJANGO_CONTENT_TYPE (ID,APP_LABEL,MODEL) values (7,'sessions','session');
Insert into DJANGO_CONTENT_TYPE (ID,APP_LABEL,MODEL) values (8,'core','marca');
Insert into DJANGO_CONTENT_TYPE (ID,APP_LABEL,MODEL) values (9,'core','producto');
Insert into DJANGO_CONTENT_TYPE (ID,APP_LABEL,MODEL) values (10,'core','contacto1');
REM INSERTING into DJANGO_MIGRATIONS
SET DEFINE OFF;
Insert into DJANGO_MIGRATIONS (ID,APP,NAME,APPLIED) values (1,'contenttypes','0001_initial',to_timestamp('08/06/2022 02.43.09.601561000 AM','DD/MM/YYYY HH.MI.SSXFF AM'));
Insert into DJANGO_MIGRATIONS (ID,APP,NAME,APPLIED) values (2,'auth','0001_initial',to_timestamp('08/06/2022 02.43.09.874967000 AM','DD/MM/YYYY HH.MI.SSXFF AM'));
Insert into DJANGO_MIGRATIONS (ID,APP,NAME,APPLIED) values (3,'admin','0001_initial',to_timestamp('08/06/2022 02.43.09.971919000 AM','DD/MM/YYYY HH.MI.SSXFF AM'));
Insert into DJANGO_MIGRATIONS (ID,APP,NAME,APPLIED) values (4,'admin','0002_logentry_remove_auto_add',to_timestamp('08/06/2022 02.43.09.997638000 AM','DD/MM/YYYY HH.MI.SSXFF AM'));
Insert into DJANGO_MIGRATIONS (ID,APP,NAME,APPLIED) values (5,'admin','0003_logentry_add_action_flag_choices',to_timestamp('08/06/2022 02.43.10.030571000 AM','DD/MM/YYYY HH.MI.SSXFF AM'));
Insert into DJANGO_MIGRATIONS (ID,APP,NAME,APPLIED) values (6,'admin_interface','0001_initial',to_timestamp('08/06/2022 02.43.10.085339000 AM','DD/MM/YYYY HH.MI.SSXFF AM'));
Insert into DJANGO_MIGRATIONS (ID,APP,NAME,APPLIED) values (7,'admin_interface','0002_add_related_modal',to_timestamp('08/06/2022 02.43.10.197484000 AM','DD/MM/YYYY HH.MI.SSXFF AM'));
Insert into DJANGO_MIGRATIONS (ID,APP,NAME,APPLIED) values (8,'admin_interface','0003_add_logo_color',to_timestamp('08/06/2022 02.43.10.235822000 AM','DD/MM/YYYY HH.MI.SSXFF AM'));
Insert into DJANGO_MIGRATIONS (ID,APP,NAME,APPLIED) values (9,'admin_interface','0004_rename_title_color',to_timestamp('08/06/2022 02.43.10.270628000 AM','DD/MM/YYYY HH.MI.SSXFF AM'));
Insert into DJANGO_MIGRATIONS (ID,APP,NAME,APPLIED) values (10,'admin_interface','0005_add_recent_actions_visible',to_timestamp('08/06/2022 02.43.10.314678000 AM','DD/MM/YYYY HH.MI.SSXFF AM'));
Insert into DJANGO_MIGRATIONS (ID,APP,NAME,APPLIED) values (11,'admin_interface','0006_bytes_to_str',to_timestamp('08/06/2022 02.43.10.397271000 AM','DD/MM/YYYY HH.MI.SSXFF AM'));
Insert into DJANGO_MIGRATIONS (ID,APP,NAME,APPLIED) values (12,'admin_interface','0007_add_favicon',to_timestamp('08/06/2022 02.43.10.438040000 AM','DD/MM/YYYY HH.MI.SSXFF AM'));
Insert into DJANGO_MIGRATIONS (ID,APP,NAME,APPLIED) values (13,'admin_interface','0008_change_related_modal_background_opacity_type',to_timestamp('08/06/2022 02.43.10.661730000 AM','DD/MM/YYYY HH.MI.SSXFF AM'));
Insert into DJANGO_MIGRATIONS (ID,APP,NAME,APPLIED) values (14,'admin_interface','0009_add_enviroment',to_timestamp('08/06/2022 02.43.10.728967000 AM','DD/MM/YYYY HH.MI.SSXFF AM'));
Insert into DJANGO_MIGRATIONS (ID,APP,NAME,APPLIED) values (15,'admin_interface','0010_add_localization',to_timestamp('08/06/2022 02.43.10.767934000 AM','DD/MM/YYYY HH.MI.SSXFF AM'));
Insert into DJANGO_MIGRATIONS (ID,APP,NAME,APPLIED) values (16,'admin_interface','0011_add_environment_options',to_timestamp('08/06/2022 02.43.14.309631000 AM','DD/MM/YYYY HH.MI.SSXFF AM'));
Insert into DJANGO_MIGRATIONS (ID,APP,NAME,APPLIED) values (17,'admin_interface','0012_update_verbose_names',to_timestamp('08/06/2022 02.43.14.339498000 AM','DD/MM/YYYY HH.MI.SSXFF AM'));
Insert into DJANGO_MIGRATIONS (ID,APP,NAME,APPLIED) values (18,'admin_interface','0013_add_related_modal_close_button',to_timestamp('08/06/2022 02.43.14.396112000 AM','DD/MM/YYYY HH.MI.SSXFF AM'));
Insert into DJANGO_MIGRATIONS (ID,APP,NAME,APPLIED) values (19,'admin_interface','0014_name_unique',to_timestamp('08/06/2022 02.43.14.431742000 AM','DD/MM/YYYY HH.MI.SSXFF AM'));
Insert into DJANGO_MIGRATIONS (ID,APP,NAME,APPLIED) values (20,'admin_interface','0015_add_language_chooser_active',to_timestamp('08/06/2022 02.43.14.485280000 AM','DD/MM/YYYY HH.MI.SSXFF AM'));
Insert into DJANGO_MIGRATIONS (ID,APP,NAME,APPLIED) values (21,'admin_interface','0016_add_language_chooser_display',to_timestamp('08/06/2022 02.43.14.529429000 AM','DD/MM/YYYY HH.MI.SSXFF AM'));
Insert into DJANGO_MIGRATIONS (ID,APP,NAME,APPLIED) values (22,'admin_interface','0017_change_list_filter_dropdown',to_timestamp('08/06/2022 02.43.14.559198000 AM','DD/MM/YYYY HH.MI.SSXFF AM'));
Insert into DJANGO_MIGRATIONS (ID,APP,NAME,APPLIED) values (23,'admin_interface','0018_theme_list_filter_sticky',to_timestamp('08/06/2022 02.43.14.613023000 AM','DD/MM/YYYY HH.MI.SSXFF AM'));
Insert into DJANGO_MIGRATIONS (ID,APP,NAME,APPLIED) values (24,'admin_interface','0019_add_form_sticky',to_timestamp('08/06/2022 02.43.14.695736000 AM','DD/MM/YYYY HH.MI.SSXFF AM'));
Insert into DJANGO_MIGRATIONS (ID,APP,NAME,APPLIED) values (25,'admin_interface','0020_module_selected_colors',to_timestamp('08/06/2022 02.43.14.791050000 AM','DD/MM/YYYY HH.MI.SSXFF AM'));
Insert into DJANGO_MIGRATIONS (ID,APP,NAME,APPLIED) values (26,'admin_interface','0021_file_extension_validator',to_timestamp('08/06/2022 02.43.14.826866000 AM','DD/MM/YYYY HH.MI.SSXFF AM'));
Insert into DJANGO_MIGRATIONS (ID,APP,NAME,APPLIED) values (27,'admin_interface','0022_add_logo_max_width_and_height',to_timestamp('08/06/2022 02.43.14.902005000 AM','DD/MM/YYYY HH.MI.SSXFF AM'));
Insert into DJANGO_MIGRATIONS (ID,APP,NAME,APPLIED) values (28,'admin_interface','0023_theme_foldable_apps',to_timestamp('08/06/2022 02.43.14.950105000 AM','DD/MM/YYYY HH.MI.SSXFF AM'));
Insert into DJANGO_MIGRATIONS (ID,APP,NAME,APPLIED) values (29,'admin_interface','0024_remove_theme_css',to_timestamp('08/06/2022 02.43.15.193472000 AM','DD/MM/YYYY HH.MI.SSXFF AM'));
Insert into DJANGO_MIGRATIONS (ID,APP,NAME,APPLIED) values (30,'contenttypes','0002_remove_content_type_name',to_timestamp('08/06/2022 02.43.15.450804000 AM','DD/MM/YYYY HH.MI.SSXFF AM'));
Insert into DJANGO_MIGRATIONS (ID,APP,NAME,APPLIED) values (31,'auth','0002_alter_permission_name_max_length',to_timestamp('08/06/2022 02.43.15.517450000 AM','DD/MM/YYYY HH.MI.SSXFF AM'));
Insert into DJANGO_MIGRATIONS (ID,APP,NAME,APPLIED) values (32,'auth','0003_alter_user_email_max_length',to_timestamp('08/06/2022 02.43.15.546230000 AM','DD/MM/YYYY HH.MI.SSXFF AM'));
Insert into DJANGO_MIGRATIONS (ID,APP,NAME,APPLIED) values (33,'auth','0004_alter_user_username_opts',to_timestamp('08/06/2022 02.43.15.571274000 AM','DD/MM/YYYY HH.MI.SSXFF AM'));
Insert into DJANGO_MIGRATIONS (ID,APP,NAME,APPLIED) values (34,'auth','0005_alter_user_last_login_null',to_timestamp('08/06/2022 02.43.15.621164000 AM','DD/MM/YYYY HH.MI.SSXFF AM'));
Insert into DJANGO_MIGRATIONS (ID,APP,NAME,APPLIED) values (35,'auth','0006_require_contenttypes_0002',to_timestamp('08/06/2022 02.43.15.645428000 AM','DD/MM/YYYY HH.MI.SSXFF AM'));
Insert into DJANGO_MIGRATIONS (ID,APP,NAME,APPLIED) values (36,'auth','0007_alter_validators_add_error_messages',to_timestamp('08/06/2022 02.43.15.668479000 AM','DD/MM/YYYY HH.MI.SSXFF AM'));
Insert into DJANGO_MIGRATIONS (ID,APP,NAME,APPLIED) values (37,'auth','0008_alter_user_username_max_length',to_timestamp('08/06/2022 02.43.15.706198000 AM','DD/MM/YYYY HH.MI.SSXFF AM'));
Insert into DJANGO_MIGRATIONS (ID,APP,NAME,APPLIED) values (38,'auth','0009_alter_user_last_name_max_length',to_timestamp('08/06/2022 02.43.15.747852000 AM','DD/MM/YYYY HH.MI.SSXFF AM'));
Insert into DJANGO_MIGRATIONS (ID,APP,NAME,APPLIED) values (39,'auth','0010_alter_group_name_max_length',to_timestamp('08/06/2022 02.43.15.786347000 AM','DD/MM/YYYY HH.MI.SSXFF AM'));
Insert into DJANGO_MIGRATIONS (ID,APP,NAME,APPLIED) values (40,'auth','0011_update_proxy_permissions',to_timestamp('08/06/2022 02.43.15.819098000 AM','DD/MM/YYYY HH.MI.SSXFF AM'));
Insert into DJANGO_MIGRATIONS (ID,APP,NAME,APPLIED) values (41,'auth','0012_alter_user_first_name_max_length',to_timestamp('08/06/2022 02.43.15.854736000 AM','DD/MM/YYYY HH.MI.SSXFF AM'));
Insert into DJANGO_MIGRATIONS (ID,APP,NAME,APPLIED) values (42,'core','0001_initial',to_timestamp('08/06/2022 02.43.15.935510000 AM','DD/MM/YYYY HH.MI.SSXFF AM'));
Insert into DJANGO_MIGRATIONS (ID,APP,NAME,APPLIED) values (43,'core','0002_producto_imagen',to_timestamp('08/06/2022 02.43.15.963935000 AM','DD/MM/YYYY HH.MI.SSXFF AM'));
Insert into DJANGO_MIGRATIONS (ID,APP,NAME,APPLIED) values (44,'core','0003_producto_stock',to_timestamp('08/06/2022 02.43.16.004942000 AM','DD/MM/YYYY HH.MI.SSXFF AM'));
Insert into DJANGO_MIGRATIONS (ID,APP,NAME,APPLIED) values (45,'core','0004_contacto1',to_timestamp('08/06/2022 02.43.16.042655000 AM','DD/MM/YYYY HH.MI.SSXFF AM'));
Insert into DJANGO_MIGRATIONS (ID,APP,NAME,APPLIED) values (46,'core','0005_rename_mansaje_contacto1_mensaje',to_timestamp('08/06/2022 02.43.16.077380000 AM','DD/MM/YYYY HH.MI.SSXFF AM'));
Insert into DJANGO_MIGRATIONS (ID,APP,NAME,APPLIED) values (47,'core','0006_alter_contacto1_tipo_consulta',to_timestamp('08/06/2022 02.43.16.124734000 AM','DD/MM/YYYY HH.MI.SSXFF AM'));
Insert into DJANGO_MIGRATIONS (ID,APP,NAME,APPLIED) values (48,'core','0007_remove_producto_fecha_elaboracion',to_timestamp('08/06/2022 02.43.16.335618000 AM','DD/MM/YYYY HH.MI.SSXFF AM'));
Insert into DJANGO_MIGRATIONS (ID,APP,NAME,APPLIED) values (49,'core','0008_auto_20220607_1523',to_timestamp('08/06/2022 02.43.19.932812000 AM','DD/MM/YYYY HH.MI.SSXFF AM'));
Insert into DJANGO_MIGRATIONS (ID,APP,NAME,APPLIED) values (50,'core','0009_alter_contacto1_id_alter_marca_id_alter_producto_id',to_timestamp('08/06/2022 02.43.20.031209000 AM','DD/MM/YYYY HH.MI.SSXFF AM'));
Insert into DJANGO_MIGRATIONS (ID,APP,NAME,APPLIED) values (51,'sessions','0001_initial',to_timestamp('08/06/2022 02.43.20.071256000 AM','DD/MM/YYYY HH.MI.SSXFF AM'));
REM INSERTING into DJANGO_SESSION
SET DEFINE OFF;
Insert into DJANGO_SESSION (SESSION_KEY,EXPIRE_DATE) values ('38klwverdaxvl9wtw9a2ejxjnhmrbad5',to_timestamp('22/06/2022 02.47.07.078298000 AM','DD/MM/YYYY HH.MI.SSXFF AM'));
--------------------------------------------------------
--  DDL for Index ADMIN_INT_NAME_30BDA70F_U
--------------------------------------------------------

  CREATE UNIQUE INDEX "ADMIN_INT_NAME_30BDA70F_U" ON "ADMIN_INTERFACE_THEME" ("NAME") 
  PCTFREE 10 INITRANS 2 MAXTRANS 255 COMPUTE STATISTICS 
  STORAGE(INITIAL 65536 NEXT 1048576 MINEXTENTS 1 MAXEXTENTS 2147483645
  PCTINCREASE 0 FREELISTS 1 FREELIST GROUPS 1
  BUFFER_POOL DEFAULT FLASH_CACHE DEFAULT CELL_FLASH_CACHE DEFAULT)
  TABLESPACE "USERS" ;
--------------------------------------------------------
--  DDL for Index AUTH_GROUP_GROUP_ID_B120CBF9
--------------------------------------------------------

  CREATE INDEX "AUTH_GROUP_GROUP_ID_B120CBF9" ON "AUTH_GROUP_PERMISSIONS" ("GROUP_ID") 
  PCTFREE 10 INITRANS 2 MAXTRANS 255 COMPUTE STATISTICS 
  TABLESPACE "USERS" ;
--------------------------------------------------------
--  DDL for Index AUTH_GROUP_PERMISSION_84C5C92E
--------------------------------------------------------

  CREATE INDEX "AUTH_GROUP_PERMISSION_84C5C92E" ON "AUTH_GROUP_PERMISSIONS" ("PERMISSION_ID") 
  PCTFREE 10 INITRANS 2 MAXTRANS 255 COMPUTE STATISTICS 
  TABLESPACE "USERS" ;
--------------------------------------------------------
--  DDL for Index AUTH_GROU_GROUP_ID__0CD325B0_U
--------------------------------------------------------

  CREATE UNIQUE INDEX "AUTH_GROU_GROUP_ID__0CD325B0_U" ON "AUTH_GROUP_PERMISSIONS" ("GROUP_ID", "PERMISSION_ID") 
  PCTFREE 10 INITRANS 2 MAXTRANS 255 COMPUTE STATISTICS 
  TABLESPACE "USERS" ;
--------------------------------------------------------
--  DDL for Index AUTH_PERMI_CONTENT_TY_2F476E4B
--------------------------------------------------------

  CREATE INDEX "AUTH_PERMI_CONTENT_TY_2F476E4B" ON "AUTH_PERMISSION" ("CONTENT_TYPE_ID") 
  PCTFREE 10 INITRANS 2 MAXTRANS 255 COMPUTE STATISTICS 
  STORAGE(INITIAL 65536 NEXT 1048576 MINEXTENTS 1 MAXEXTENTS 2147483645
  PCTINCREASE 0 FREELISTS 1 FREELIST GROUPS 1
  BUFFER_POOL DEFAULT FLASH_CACHE DEFAULT CELL_FLASH_CACHE DEFAULT)
  TABLESPACE "USERS" ;
--------------------------------------------------------
--  DDL for Index AUTH_PERM_CONTENT_T_01AB375A_U
--------------------------------------------------------

  CREATE UNIQUE INDEX "AUTH_PERM_CONTENT_T_01AB375A_U" ON "AUTH_PERMISSION" ("CONTENT_TYPE_ID", "CODENAME") 
  PCTFREE 10 INITRANS 2 MAXTRANS 255 COMPUTE STATISTICS 
  STORAGE(INITIAL 65536 NEXT 1048576 MINEXTENTS 1 MAXEXTENTS 2147483645
  PCTINCREASE 0 FREELISTS 1 FREELIST GROUPS 1
  BUFFER_POOL DEFAULT FLASH_CACHE DEFAULT CELL_FLASH_CACHE DEFAULT)
  TABLESPACE "USERS" ;
--------------------------------------------------------
--  DDL for Index AUTH_USER_USER_ID_G_94350C0C_U
--------------------------------------------------------

  CREATE UNIQUE INDEX "AUTH_USER_USER_ID_G_94350C0C_U" ON "AUTH_USER_GROUPS" ("USER_ID", "GROUP_ID") 
  PCTFREE 10 INITRANS 2 MAXTRANS 255 COMPUTE STATISTICS 
  TABLESPACE "USERS" ;
--------------------------------------------------------
--  DDL for Index AUTH_USER_USER_ID_P_14A6B632_U
--------------------------------------------------------

  CREATE UNIQUE INDEX "AUTH_USER_USER_ID_P_14A6B632_U" ON "AUTH_USER_USER_PERMISSIONS" ("USER_ID", "PERMISSION_ID") 
  PCTFREE 10 INITRANS 2 MAXTRANS 255 COMPUTE STATISTICS 
  TABLESPACE "USERS" ;
--------------------------------------------------------
--  DDL for Index AUTH_USER__GROUP_ID_97559544
--------------------------------------------------------

  CREATE INDEX "AUTH_USER__GROUP_ID_97559544" ON "AUTH_USER_GROUPS" ("GROUP_ID") 
  PCTFREE 10 INITRANS 2 MAXTRANS 255 COMPUTE STATISTICS 
  TABLESPACE "USERS" ;
--------------------------------------------------------
--  DDL for Index AUTH_USER__PERMISSION_1FBB5F2C
--------------------------------------------------------

  CREATE INDEX "AUTH_USER__PERMISSION_1FBB5F2C" ON "AUTH_USER_USER_PERMISSIONS" ("PERMISSION_ID") 
  PCTFREE 10 INITRANS 2 MAXTRANS 255 COMPUTE STATISTICS 
  TABLESPACE "USERS" ;
--------------------------------------------------------
--  DDL for Index AUTH_USER__USER_ID_6A12ED8B
--------------------------------------------------------

  CREATE INDEX "AUTH_USER__USER_ID_6A12ED8B" ON "AUTH_USER_GROUPS" ("USER_ID") 
  PCTFREE 10 INITRANS 2 MAXTRANS 255 COMPUTE STATISTICS 
  TABLESPACE "USERS" ;
--------------------------------------------------------
--  DDL for Index AUTH_USER__USER_ID_A95EAD1B
--------------------------------------------------------

  CREATE INDEX "AUTH_USER__USER_ID_A95EAD1B" ON "AUTH_USER_USER_PERMISSIONS" ("USER_ID") 
  PCTFREE 10 INITRANS 2 MAXTRANS 255 COMPUTE STATISTICS 
  TABLESPACE "USERS" ;
--------------------------------------------------------
--  DDL for Index CORE_PRODU_MARCA_ID_B2651E7A
--------------------------------------------------------

  CREATE INDEX "CORE_PRODU_MARCA_ID_B2651E7A" ON "CORE_PRODUCTO" ("MARCA_ID") 
  PCTFREE 10 INITRANS 2 MAXTRANS 255 COMPUTE STATISTICS 
  STORAGE(INITIAL 65536 NEXT 1048576 MINEXTENTS 1 MAXEXTENTS 2147483645
  PCTINCREASE 0 FREELISTS 1 FREELIST GROUPS 1
  BUFFER_POOL DEFAULT FLASH_CACHE DEFAULT CELL_FLASH_CACHE DEFAULT)
  TABLESPACE "USERS" ;
--------------------------------------------------------
--  DDL for Index DJANGO_ADM_CONTENT_TY_C4BCE8EB
--------------------------------------------------------

  CREATE INDEX "DJANGO_ADM_CONTENT_TY_C4BCE8EB" ON "DJANGO_ADMIN_LOG" ("CONTENT_TYPE_ID") 
  PCTFREE 10 INITRANS 2 MAXTRANS 255 COMPUTE STATISTICS 
  STORAGE(INITIAL 65536 NEXT 1048576 MINEXTENTS 1 MAXEXTENTS 2147483645
  PCTINCREASE 0 FREELISTS 1 FREELIST GROUPS 1
  BUFFER_POOL DEFAULT FLASH_CACHE DEFAULT CELL_FLASH_CACHE DEFAULT)
  TABLESPACE "USERS" ;
--------------------------------------------------------
--  DDL for Index DJANGO_ADM_USER_ID_C564EBA6
--------------------------------------------------------

  CREATE INDEX "DJANGO_ADM_USER_ID_C564EBA6" ON "DJANGO_ADMIN_LOG" ("USER_ID") 
  PCTFREE 10 INITRANS 2 MAXTRANS 255 COMPUTE STATISTICS 
  STORAGE(INITIAL 65536 NEXT 1048576 MINEXTENTS 1 MAXEXTENTS 2147483645
  PCTINCREASE 0 FREELISTS 1 FREELIST GROUPS 1
  BUFFER_POOL DEFAULT FLASH_CACHE DEFAULT CELL_FLASH_CACHE DEFAULT)
  TABLESPACE "USERS" ;
--------------------------------------------------------
--  DDL for Index DJANGO_CO_APP_LABEL_76BD3D3B_U
--------------------------------------------------------

  CREATE UNIQUE INDEX "DJANGO_CO_APP_LABEL_76BD3D3B_U" ON "DJANGO_CONTENT_TYPE" ("APP_LABEL", "MODEL") 
  PCTFREE 10 INITRANS 2 MAXTRANS 255 COMPUTE STATISTICS 
  STORAGE(INITIAL 65536 NEXT 1048576 MINEXTENTS 1 MAXEXTENTS 2147483645
  PCTINCREASE 0 FREELISTS 1 FREELIST GROUPS 1
  BUFFER_POOL DEFAULT FLASH_CACHE DEFAULT CELL_FLASH_CACHE DEFAULT)
  TABLESPACE "USERS" ;
--------------------------------------------------------
--  DDL for Index DJANGO_SES_EXPIRE_DAT_A5C62663
--------------------------------------------------------

  CREATE INDEX "DJANGO_SES_EXPIRE_DAT_A5C62663" ON "DJANGO_SESSION" ("EXPIRE_DATE") 
  PCTFREE 10 INITRANS 2 MAXTRANS 255 COMPUTE STATISTICS 
  STORAGE(INITIAL 65536 NEXT 1048576 MINEXTENTS 1 MAXEXTENTS 2147483645
  PCTINCREASE 0 FREELISTS 1 FREELIST GROUPS 1
  BUFFER_POOL DEFAULT FLASH_CACHE DEFAULT CELL_FLASH_CACHE DEFAULT)
  TABLESPACE "USERS" ;
--------------------------------------------------------
--  DDL for Index SYS_C009275
--------------------------------------------------------

  CREATE UNIQUE INDEX "SYS_C009275" ON "DJANGO_MIGRATIONS" ("ID") 
  PCTFREE 10 INITRANS 2 MAXTRANS 255 
  STORAGE(INITIAL 65536 NEXT 1048576 MINEXTENTS 1 MAXEXTENTS 2147483645
  PCTINCREASE 0 FREELISTS 1 FREELIST GROUPS 1
  BUFFER_POOL DEFAULT FLASH_CACHE DEFAULT CELL_FLASH_CACHE DEFAULT)
  TABLESPACE "USERS" ;
--------------------------------------------------------
--  DDL for Index SYS_C009277
--------------------------------------------------------

  CREATE UNIQUE INDEX "SYS_C009277" ON "DJANGO_CONTENT_TYPE" ("ID") 
  PCTFREE 10 INITRANS 2 MAXTRANS 255 
  STORAGE(INITIAL 65536 NEXT 1048576 MINEXTENTS 1 MAXEXTENTS 2147483645
  PCTINCREASE 0 FREELISTS 1 FREELIST GROUPS 1
  BUFFER_POOL DEFAULT FLASH_CACHE DEFAULT CELL_FLASH_CACHE DEFAULT)
  TABLESPACE "USERS" ;
--------------------------------------------------------
--  DDL for Index SYS_C009281
--------------------------------------------------------

  CREATE UNIQUE INDEX "SYS_C009281" ON "AUTH_PERMISSION" ("ID") 
  PCTFREE 10 INITRANS 2 MAXTRANS 255 
  STORAGE(INITIAL 65536 NEXT 1048576 MINEXTENTS 1 MAXEXTENTS 2147483645
  PCTINCREASE 0 FREELISTS 1 FREELIST GROUPS 1
  BUFFER_POOL DEFAULT FLASH_CACHE DEFAULT CELL_FLASH_CACHE DEFAULT)
  TABLESPACE "USERS" ;
--------------------------------------------------------
--  DDL for Index SYS_C009283
--------------------------------------------------------

  CREATE UNIQUE INDEX "SYS_C009283" ON "AUTH_GROUP" ("ID") 
  PCTFREE 10 INITRANS 2 MAXTRANS 255 
  TABLESPACE "USERS" ;
--------------------------------------------------------
--  DDL for Index SYS_C009284
--------------------------------------------------------

  CREATE UNIQUE INDEX "SYS_C009284" ON "AUTH_GROUP" ("NAME") 
  PCTFREE 10 INITRANS 2 MAXTRANS 255 
  TABLESPACE "USERS" ;
--------------------------------------------------------
--  DDL for Index SYS_C009288
--------------------------------------------------------

  CREATE UNIQUE INDEX "SYS_C009288" ON "AUTH_GROUP_PERMISSIONS" ("ID") 
  PCTFREE 10 INITRANS 2 MAXTRANS 255 
  TABLESPACE "USERS" ;
--------------------------------------------------------
--  DDL for Index SYS_C009298
--------------------------------------------------------

  CREATE UNIQUE INDEX "SYS_C009298" ON "AUTH_USER" ("ID") 
  PCTFREE 10 INITRANS 2 MAXTRANS 255 
  STORAGE(INITIAL 65536 NEXT 1048576 MINEXTENTS 1 MAXEXTENTS 2147483645
  PCTINCREASE 0 FREELISTS 1 FREELIST GROUPS 1
  BUFFER_POOL DEFAULT FLASH_CACHE DEFAULT CELL_FLASH_CACHE DEFAULT)
  TABLESPACE "USERS" ;
--------------------------------------------------------
--  DDL for Index SYS_C009299
--------------------------------------------------------

  CREATE UNIQUE INDEX "SYS_C009299" ON "AUTH_USER" ("USERNAME") 
  PCTFREE 10 INITRANS 2 MAXTRANS 255 
  STORAGE(INITIAL 65536 NEXT 1048576 MINEXTENTS 1 MAXEXTENTS 2147483645
  PCTINCREASE 0 FREELISTS 1 FREELIST GROUPS 1
  BUFFER_POOL DEFAULT FLASH_CACHE DEFAULT CELL_FLASH_CACHE DEFAULT)
  TABLESPACE "USERS" ;
--------------------------------------------------------
--  DDL for Index SYS_C009303
--------------------------------------------------------

  CREATE UNIQUE INDEX "SYS_C009303" ON "AUTH_USER_GROUPS" ("ID") 
  PCTFREE 10 INITRANS 2 MAXTRANS 255 
  TABLESPACE "USERS" ;
--------------------------------------------------------
--  DDL for Index SYS_C009307
--------------------------------------------------------

  CREATE UNIQUE INDEX "SYS_C009307" ON "AUTH_USER_USER_PERMISSIONS" ("ID") 
  PCTFREE 10 INITRANS 2 MAXTRANS 255 
  TABLESPACE "USERS" ;
--------------------------------------------------------
--  DDL for Index SYS_C009324
--------------------------------------------------------

  CREATE UNIQUE INDEX "SYS_C009324" ON "DJANGO_ADMIN_LOG" ("ID") 
  PCTFREE 10 INITRANS 2 MAXTRANS 255 
  STORAGE(INITIAL 65536 NEXT 1048576 MINEXTENTS 1 MAXEXTENTS 2147483645
  PCTINCREASE 0 FREELISTS 1 FREELIST GROUPS 1
  BUFFER_POOL DEFAULT FLASH_CACHE DEFAULT CELL_FLASH_CACHE DEFAULT)
  TABLESPACE "USERS" ;
--------------------------------------------------------
--  DDL for Index SYS_C009338
--------------------------------------------------------

  CREATE UNIQUE INDEX "SYS_C009338" ON "ADMIN_INTERFACE_THEME" ("ID") 
  PCTFREE 10 INITRANS 2 MAXTRANS 255 
  STORAGE(INITIAL 65536 NEXT 1048576 MINEXTENTS 1 MAXEXTENTS 2147483645
  PCTINCREASE 0 FREELISTS 1 FREELIST GROUPS 1
  BUFFER_POOL DEFAULT FLASH_CACHE DEFAULT CELL_FLASH_CACHE DEFAULT)
  TABLESPACE "USERS" ;
--------------------------------------------------------
--  DDL for Index SYS_C009369
--------------------------------------------------------

  CREATE UNIQUE INDEX "SYS_C009369" ON "CORE_MARCA" ("ID") 
  PCTFREE 10 INITRANS 2 MAXTRANS 255 
  STORAGE(INITIAL 65536 NEXT 1048576 MINEXTENTS 1 MAXEXTENTS 2147483645
  PCTINCREASE 0 FREELISTS 1 FREELIST GROUPS 1
  BUFFER_POOL DEFAULT FLASH_CACHE DEFAULT CELL_FLASH_CACHE DEFAULT)
  TABLESPACE "USERS" ;
--------------------------------------------------------
--  DDL for Index SYS_C009377
--------------------------------------------------------

  CREATE UNIQUE INDEX "SYS_C009377" ON "CORE_PRODUCTO" ("ID") 
  PCTFREE 10 INITRANS 2 MAXTRANS 255 
  STORAGE(INITIAL 65536 NEXT 1048576 MINEXTENTS 1 MAXEXTENTS 2147483645
  PCTINCREASE 0 FREELISTS 1 FREELIST GROUPS 1
  BUFFER_POOL DEFAULT FLASH_CACHE DEFAULT CELL_FLASH_CACHE DEFAULT)
  TABLESPACE "USERS" ;
--------------------------------------------------------
--  DDL for Index SYS_C009382
--------------------------------------------------------

  CREATE UNIQUE INDEX "SYS_C009382" ON "CORE_CONTACTO1" ("ID") 
  PCTFREE 10 INITRANS 2 MAXTRANS 255 
  TABLESPACE "USERS" ;
--------------------------------------------------------
--  DDL for Index SYS_C009387
--------------------------------------------------------

  CREATE UNIQUE INDEX "SYS_C009387" ON "DJANGO_SESSION" ("SESSION_KEY") 
  PCTFREE 10 INITRANS 2 MAXTRANS 255 
  STORAGE(INITIAL 65536 NEXT 1048576 MINEXTENTS 1 MAXEXTENTS 2147483645
  PCTINCREASE 0 FREELISTS 1 FREELIST GROUPS 1
  BUFFER_POOL DEFAULT FLASH_CACHE DEFAULT CELL_FLASH_CACHE DEFAULT)
  TABLESPACE "USERS" ;
--------------------------------------------------------
--  DDL for Index ADMIN_INT_NAME_30BDA70F_U
--------------------------------------------------------

  CREATE UNIQUE INDEX "ADMIN_INT_NAME_30BDA70F_U" ON "ADMIN_INTERFACE_THEME" ("NAME") 
  PCTFREE 10 INITRANS 2 MAXTRANS 255 COMPUTE STATISTICS 
  STORAGE(INITIAL 65536 NEXT 1048576 MINEXTENTS 1 MAXEXTENTS 2147483645
  PCTINCREASE 0 FREELISTS 1 FREELIST GROUPS 1
  BUFFER_POOL DEFAULT FLASH_CACHE DEFAULT CELL_FLASH_CACHE DEFAULT)
  TABLESPACE "USERS" ;
--------------------------------------------------------
--  DDL for Index SYS_C009338
--------------------------------------------------------

  CREATE UNIQUE INDEX "SYS_C009338" ON "ADMIN_INTERFACE_THEME" ("ID") 
  PCTFREE 10 INITRANS 2 MAXTRANS 255 
  STORAGE(INITIAL 65536 NEXT 1048576 MINEXTENTS 1 MAXEXTENTS 2147483645
  PCTINCREASE 0 FREELISTS 1 FREELIST GROUPS 1
  BUFFER_POOL DEFAULT FLASH_CACHE DEFAULT CELL_FLASH_CACHE DEFAULT)
  TABLESPACE "USERS" ;
--------------------------------------------------------
--  DDL for Index SYS_C009283
--------------------------------------------------------

  CREATE UNIQUE INDEX "SYS_C009283" ON "AUTH_GROUP" ("ID") 
  PCTFREE 10 INITRANS 2 MAXTRANS 255 
  TABLESPACE "USERS" ;
--------------------------------------------------------
--  DDL for Index SYS_C009284
--------------------------------------------------------

  CREATE UNIQUE INDEX "SYS_C009284" ON "AUTH_GROUP" ("NAME") 
  PCTFREE 10 INITRANS 2 MAXTRANS 255 
  TABLESPACE "USERS" ;
--------------------------------------------------------
--  DDL for Index SYS_C009288
--------------------------------------------------------

  CREATE UNIQUE INDEX "SYS_C009288" ON "AUTH_GROUP_PERMISSIONS" ("ID") 
  PCTFREE 10 INITRANS 2 MAXTRANS 255 
  TABLESPACE "USERS" ;
--------------------------------------------------------
--  DDL for Index AUTH_GROU_GROUP_ID__0CD325B0_U
--------------------------------------------------------

  CREATE UNIQUE INDEX "AUTH_GROU_GROUP_ID__0CD325B0_U" ON "AUTH_GROUP_PERMISSIONS" ("GROUP_ID", "PERMISSION_ID") 
  PCTFREE 10 INITRANS 2 MAXTRANS 255 COMPUTE STATISTICS 
  TABLESPACE "USERS" ;
--------------------------------------------------------
--  DDL for Index AUTH_GROUP_GROUP_ID_B120CBF9
--------------------------------------------------------

  CREATE INDEX "AUTH_GROUP_GROUP_ID_B120CBF9" ON "AUTH_GROUP_PERMISSIONS" ("GROUP_ID") 
  PCTFREE 10 INITRANS 2 MAXTRANS 255 COMPUTE STATISTICS 
  TABLESPACE "USERS" ;
--------------------------------------------------------
--  DDL for Index AUTH_GROUP_PERMISSION_84C5C92E
--------------------------------------------------------

  CREATE INDEX "AUTH_GROUP_PERMISSION_84C5C92E" ON "AUTH_GROUP_PERMISSIONS" ("PERMISSION_ID") 
  PCTFREE 10 INITRANS 2 MAXTRANS 255 COMPUTE STATISTICS 
  TABLESPACE "USERS" ;
--------------------------------------------------------
--  DDL for Index SYS_C009281
--------------------------------------------------------

  CREATE UNIQUE INDEX "SYS_C009281" ON "AUTH_PERMISSION" ("ID") 
  PCTFREE 10 INITRANS 2 MAXTRANS 255 
  STORAGE(INITIAL 65536 NEXT 1048576 MINEXTENTS 1 MAXEXTENTS 2147483645
  PCTINCREASE 0 FREELISTS 1 FREELIST GROUPS 1
  BUFFER_POOL DEFAULT FLASH_CACHE DEFAULT CELL_FLASH_CACHE DEFAULT)
  TABLESPACE "USERS" ;
--------------------------------------------------------
--  DDL for Index AUTH_PERM_CONTENT_T_01AB375A_U
--------------------------------------------------------

  CREATE UNIQUE INDEX "AUTH_PERM_CONTENT_T_01AB375A_U" ON "AUTH_PERMISSION" ("CONTENT_TYPE_ID", "CODENAME") 
  PCTFREE 10 INITRANS 2 MAXTRANS 255 COMPUTE STATISTICS 
  STORAGE(INITIAL 65536 NEXT 1048576 MINEXTENTS 1 MAXEXTENTS 2147483645
  PCTINCREASE 0 FREELISTS 1 FREELIST GROUPS 1
  BUFFER_POOL DEFAULT FLASH_CACHE DEFAULT CELL_FLASH_CACHE DEFAULT)
  TABLESPACE "USERS" ;
--------------------------------------------------------
--  DDL for Index AUTH_PERMI_CONTENT_TY_2F476E4B
--------------------------------------------------------

  CREATE INDEX "AUTH_PERMI_CONTENT_TY_2F476E4B" ON "AUTH_PERMISSION" ("CONTENT_TYPE_ID") 
  PCTFREE 10 INITRANS 2 MAXTRANS 255 COMPUTE STATISTICS 
  STORAGE(INITIAL 65536 NEXT 1048576 MINEXTENTS 1 MAXEXTENTS 2147483645
  PCTINCREASE 0 FREELISTS 1 FREELIST GROUPS 1
  BUFFER_POOL DEFAULT FLASH_CACHE DEFAULT CELL_FLASH_CACHE DEFAULT)
  TABLESPACE "USERS" ;
--------------------------------------------------------
--  DDL for Index SYS_C009298
--------------------------------------------------------

  CREATE UNIQUE INDEX "SYS_C009298" ON "AUTH_USER" ("ID") 
  PCTFREE 10 INITRANS 2 MAXTRANS 255 
  STORAGE(INITIAL 65536 NEXT 1048576 MINEXTENTS 1 MAXEXTENTS 2147483645
  PCTINCREASE 0 FREELISTS 1 FREELIST GROUPS 1
  BUFFER_POOL DEFAULT FLASH_CACHE DEFAULT CELL_FLASH_CACHE DEFAULT)
  TABLESPACE "USERS" ;
--------------------------------------------------------
--  DDL for Index SYS_C009299
--------------------------------------------------------

  CREATE UNIQUE INDEX "SYS_C009299" ON "AUTH_USER" ("USERNAME") 
  PCTFREE 10 INITRANS 2 MAXTRANS 255 
  STORAGE(INITIAL 65536 NEXT 1048576 MINEXTENTS 1 MAXEXTENTS 2147483645
  PCTINCREASE 0 FREELISTS 1 FREELIST GROUPS 1
  BUFFER_POOL DEFAULT FLASH_CACHE DEFAULT CELL_FLASH_CACHE DEFAULT)
  TABLESPACE "USERS" ;
--------------------------------------------------------
--  DDL for Index SYS_C009303
--------------------------------------------------------

  CREATE UNIQUE INDEX "SYS_C009303" ON "AUTH_USER_GROUPS" ("ID") 
  PCTFREE 10 INITRANS 2 MAXTRANS 255 
  TABLESPACE "USERS" ;
--------------------------------------------------------
--  DDL for Index AUTH_USER_USER_ID_G_94350C0C_U
--------------------------------------------------------

  CREATE UNIQUE INDEX "AUTH_USER_USER_ID_G_94350C0C_U" ON "AUTH_USER_GROUPS" ("USER_ID", "GROUP_ID") 
  PCTFREE 10 INITRANS 2 MAXTRANS 255 COMPUTE STATISTICS 
  TABLESPACE "USERS" ;
--------------------------------------------------------
--  DDL for Index AUTH_USER__USER_ID_6A12ED8B
--------------------------------------------------------

  CREATE INDEX "AUTH_USER__USER_ID_6A12ED8B" ON "AUTH_USER_GROUPS" ("USER_ID") 
  PCTFREE 10 INITRANS 2 MAXTRANS 255 COMPUTE STATISTICS 
  TABLESPACE "USERS" ;
--------------------------------------------------------
--  DDL for Index AUTH_USER__GROUP_ID_97559544
--------------------------------------------------------

  CREATE INDEX "AUTH_USER__GROUP_ID_97559544" ON "AUTH_USER_GROUPS" ("GROUP_ID") 
  PCTFREE 10 INITRANS 2 MAXTRANS 255 COMPUTE STATISTICS 
  TABLESPACE "USERS" ;
--------------------------------------------------------
--  DDL for Index SYS_C009307
--------------------------------------------------------

  CREATE UNIQUE INDEX "SYS_C009307" ON "AUTH_USER_USER_PERMISSIONS" ("ID") 
  PCTFREE 10 INITRANS 2 MAXTRANS 255 
  TABLESPACE "USERS" ;
--------------------------------------------------------
--  DDL for Index AUTH_USER_USER_ID_P_14A6B632_U
--------------------------------------------------------

  CREATE UNIQUE INDEX "AUTH_USER_USER_ID_P_14A6B632_U" ON "AUTH_USER_USER_PERMISSIONS" ("USER_ID", "PERMISSION_ID") 
  PCTFREE 10 INITRANS 2 MAXTRANS 255 COMPUTE STATISTICS 
  TABLESPACE "USERS" ;
--------------------------------------------------------
--  DDL for Index AUTH_USER__USER_ID_A95EAD1B
--------------------------------------------------------

  CREATE INDEX "AUTH_USER__USER_ID_A95EAD1B" ON "AUTH_USER_USER_PERMISSIONS" ("USER_ID") 
  PCTFREE 10 INITRANS 2 MAXTRANS 255 COMPUTE STATISTICS 
  TABLESPACE "USERS" ;
--------------------------------------------------------
--  DDL for Index AUTH_USER__PERMISSION_1FBB5F2C
--------------------------------------------------------

  CREATE INDEX "AUTH_USER__PERMISSION_1FBB5F2C" ON "AUTH_USER_USER_PERMISSIONS" ("PERMISSION_ID") 
  PCTFREE 10 INITRANS 2 MAXTRANS 255 COMPUTE STATISTICS 
  TABLESPACE "USERS" ;
--------------------------------------------------------
--  DDL for Index SYS_C009382
--------------------------------------------------------

  CREATE UNIQUE INDEX "SYS_C009382" ON "CORE_CONTACTO1" ("ID") 
  PCTFREE 10 INITRANS 2 MAXTRANS 255 
  TABLESPACE "USERS" ;
--------------------------------------------------------
--  DDL for Index SYS_C009369
--------------------------------------------------------

  CREATE UNIQUE INDEX "SYS_C009369" ON "CORE_MARCA" ("ID") 
  PCTFREE 10 INITRANS 2 MAXTRANS 255 
  STORAGE(INITIAL 65536 NEXT 1048576 MINEXTENTS 1 MAXEXTENTS 2147483645
  PCTINCREASE 0 FREELISTS 1 FREELIST GROUPS 1
  BUFFER_POOL DEFAULT FLASH_CACHE DEFAULT CELL_FLASH_CACHE DEFAULT)
  TABLESPACE "USERS" ;
--------------------------------------------------------
--  DDL for Index SYS_C009377
--------------------------------------------------------

  CREATE UNIQUE INDEX "SYS_C009377" ON "CORE_PRODUCTO" ("ID") 
  PCTFREE 10 INITRANS 2 MAXTRANS 255 
  STORAGE(INITIAL 65536 NEXT 1048576 MINEXTENTS 1 MAXEXTENTS 2147483645
  PCTINCREASE 0 FREELISTS 1 FREELIST GROUPS 1
  BUFFER_POOL DEFAULT FLASH_CACHE DEFAULT CELL_FLASH_CACHE DEFAULT)
  TABLESPACE "USERS" ;
--------------------------------------------------------
--  DDL for Index CORE_PRODU_MARCA_ID_B2651E7A
--------------------------------------------------------

  CREATE INDEX "CORE_PRODU_MARCA_ID_B2651E7A" ON "CORE_PRODUCTO" ("MARCA_ID") 
  PCTFREE 10 INITRANS 2 MAXTRANS 255 COMPUTE STATISTICS 
  STORAGE(INITIAL 65536 NEXT 1048576 MINEXTENTS 1 MAXEXTENTS 2147483645
  PCTINCREASE 0 FREELISTS 1 FREELIST GROUPS 1
  BUFFER_POOL DEFAULT FLASH_CACHE DEFAULT CELL_FLASH_CACHE DEFAULT)
  TABLESPACE "USERS" ;
--------------------------------------------------------
--  DDL for Index DJANGO_ADM_CONTENT_TY_C4BCE8EB
--------------------------------------------------------

  CREATE INDEX "DJANGO_ADM_CONTENT_TY_C4BCE8EB" ON "DJANGO_ADMIN_LOG" ("CONTENT_TYPE_ID") 
  PCTFREE 10 INITRANS 2 MAXTRANS 255 COMPUTE STATISTICS 
  STORAGE(INITIAL 65536 NEXT 1048576 MINEXTENTS 1 MAXEXTENTS 2147483645
  PCTINCREASE 0 FREELISTS 1 FREELIST GROUPS 1
  BUFFER_POOL DEFAULT FLASH_CACHE DEFAULT CELL_FLASH_CACHE DEFAULT)
  TABLESPACE "USERS" ;
--------------------------------------------------------
--  DDL for Index DJANGO_ADM_USER_ID_C564EBA6
--------------------------------------------------------

  CREATE INDEX "DJANGO_ADM_USER_ID_C564EBA6" ON "DJANGO_ADMIN_LOG" ("USER_ID") 
  PCTFREE 10 INITRANS 2 MAXTRANS 255 COMPUTE STATISTICS 
  STORAGE(INITIAL 65536 NEXT 1048576 MINEXTENTS 1 MAXEXTENTS 2147483645
  PCTINCREASE 0 FREELISTS 1 FREELIST GROUPS 1
  BUFFER_POOL DEFAULT FLASH_CACHE DEFAULT CELL_FLASH_CACHE DEFAULT)
  TABLESPACE "USERS" ;
--------------------------------------------------------
--  DDL for Index SYS_C009324
--------------------------------------------------------

  CREATE UNIQUE INDEX "SYS_C009324" ON "DJANGO_ADMIN_LOG" ("ID") 
  PCTFREE 10 INITRANS 2 MAXTRANS 255 
  STORAGE(INITIAL 65536 NEXT 1048576 MINEXTENTS 1 MAXEXTENTS 2147483645
  PCTINCREASE 0 FREELISTS 1 FREELIST GROUPS 1
  BUFFER_POOL DEFAULT FLASH_CACHE DEFAULT CELL_FLASH_CACHE DEFAULT)
  TABLESPACE "USERS" ;
--------------------------------------------------------
--  DDL for Index SYS_C009277
--------------------------------------------------------

  CREATE UNIQUE INDEX "SYS_C009277" ON "DJANGO_CONTENT_TYPE" ("ID") 
  PCTFREE 10 INITRANS 2 MAXTRANS 255 
  STORAGE(INITIAL 65536 NEXT 1048576 MINEXTENTS 1 MAXEXTENTS 2147483645
  PCTINCREASE 0 FREELISTS 1 FREELIST GROUPS 1
  BUFFER_POOL DEFAULT FLASH_CACHE DEFAULT CELL_FLASH_CACHE DEFAULT)
  TABLESPACE "USERS" ;
--------------------------------------------------------
--  DDL for Index DJANGO_CO_APP_LABEL_76BD3D3B_U
--------------------------------------------------------

  CREATE UNIQUE INDEX "DJANGO_CO_APP_LABEL_76BD3D3B_U" ON "DJANGO_CONTENT_TYPE" ("APP_LABEL", "MODEL") 
  PCTFREE 10 INITRANS 2 MAXTRANS 255 COMPUTE STATISTICS 
  STORAGE(INITIAL 65536 NEXT 1048576 MINEXTENTS 1 MAXEXTENTS 2147483645
  PCTINCREASE 0 FREELISTS 1 FREELIST GROUPS 1
  BUFFER_POOL DEFAULT FLASH_CACHE DEFAULT CELL_FLASH_CACHE DEFAULT)
  TABLESPACE "USERS" ;
--------------------------------------------------------
--  DDL for Index SYS_C009275
--------------------------------------------------------

  CREATE UNIQUE INDEX "SYS_C009275" ON "DJANGO_MIGRATIONS" ("ID") 
  PCTFREE 10 INITRANS 2 MAXTRANS 255 
  STORAGE(INITIAL 65536 NEXT 1048576 MINEXTENTS 1 MAXEXTENTS 2147483645
  PCTINCREASE 0 FREELISTS 1 FREELIST GROUPS 1
  BUFFER_POOL DEFAULT FLASH_CACHE DEFAULT CELL_FLASH_CACHE DEFAULT)
  TABLESPACE "USERS" ;
--------------------------------------------------------
--  DDL for Index SYS_C009387
--------------------------------------------------------

  CREATE UNIQUE INDEX "SYS_C009387" ON "DJANGO_SESSION" ("SESSION_KEY") 
  PCTFREE 10 INITRANS 2 MAXTRANS 255 
  STORAGE(INITIAL 65536 NEXT 1048576 MINEXTENTS 1 MAXEXTENTS 2147483645
  PCTINCREASE 0 FREELISTS 1 FREELIST GROUPS 1
  BUFFER_POOL DEFAULT FLASH_CACHE DEFAULT CELL_FLASH_CACHE DEFAULT)
  TABLESPACE "USERS" ;
--------------------------------------------------------
--  DDL for Index DJANGO_SES_EXPIRE_DAT_A5C62663
--------------------------------------------------------

  CREATE INDEX "DJANGO_SES_EXPIRE_DAT_A5C62663" ON "DJANGO_SESSION" ("EXPIRE_DATE") 
  PCTFREE 10 INITRANS 2 MAXTRANS 255 COMPUTE STATISTICS 
  STORAGE(INITIAL 65536 NEXT 1048576 MINEXTENTS 1 MAXEXTENTS 2147483645
  PCTINCREASE 0 FREELISTS 1 FREELIST GROUPS 1
  BUFFER_POOL DEFAULT FLASH_CACHE DEFAULT CELL_FLASH_CACHE DEFAULT)
  TABLESPACE "USERS" ;
--------------------------------------------------------
--  Constraints for Table ADMIN_INTERFACE_THEME
--------------------------------------------------------

  ALTER TABLE "ADMIN_INTERFACE_THEME" MODIFY ("ID" NOT NULL ENABLE);
  ALTER TABLE "ADMIN_INTERFACE_THEME" MODIFY ("ACTIVE" NOT NULL ENABLE);
  ALTER TABLE "ADMIN_INTERFACE_THEME" MODIFY ("TITLE_VISIBLE" NOT NULL ENABLE);
  ALTER TABLE "ADMIN_INTERFACE_THEME" MODIFY ("LOGO_VISIBLE" NOT NULL ENABLE);
  ALTER TABLE "ADMIN_INTERFACE_THEME" MODIFY ("CSS_MODULE_ROUNDED_CORNERS" NOT NULL ENABLE);
  ALTER TABLE "ADMIN_INTERFACE_THEME" MODIFY ("LIST_FILTER_DROPDOWN" NOT NULL ENABLE);
  ALTER TABLE "ADMIN_INTERFACE_THEME" ADD CHECK ("ACTIVE" IN (0,1)) ENABLE;
  ALTER TABLE "ADMIN_INTERFACE_THEME" ADD CHECK ("TITLE_VISIBLE" IN (0,1)) ENABLE;
  ALTER TABLE "ADMIN_INTERFACE_THEME" ADD CHECK ("LOGO_VISIBLE" IN (0,1)) ENABLE;
  ALTER TABLE "ADMIN_INTERFACE_THEME" ADD CHECK ("CSS_MODULE_ROUNDED_CORNERS" IN (0,1)) ENABLE;
  ALTER TABLE "ADMIN_INTERFACE_THEME" ADD CHECK ("LIST_FILTER_DROPDOWN" IN (0,1)) ENABLE;
  ALTER TABLE "ADMIN_INTERFACE_THEME" ADD PRIMARY KEY ("ID")
  USING INDEX PCTFREE 10 INITRANS 2 MAXTRANS 255 
  STORAGE(INITIAL 65536 NEXT 1048576 MINEXTENTS 1 MAXEXTENTS 2147483645
  PCTINCREASE 0 FREELISTS 1 FREELIST GROUPS 1
  BUFFER_POOL DEFAULT FLASH_CACHE DEFAULT CELL_FLASH_CACHE DEFAULT)
  TABLESPACE "USERS"  ENABLE;
  ALTER TABLE "ADMIN_INTERFACE_THEME" MODIFY ("RELATED_MODAL_ACTIVE" NOT NULL ENABLE);
  ALTER TABLE "ADMIN_INTERFACE_THEME" ADD CHECK ("RELATED_MODAL_ACTIVE" IN (0,1)) ENABLE;
  ALTER TABLE "ADMIN_INTERFACE_THEME" ADD CONSTRAINT "ADMIN_INT_ENV_VISIB_A9105D9A_C" CHECK ("ENV_VISIBLE_IN_HEADER" IN (0,1)) ENABLE;
  ALTER TABLE "ADMIN_INTERFACE_THEME" MODIFY ("RELATED_MODAL_ROUNDED_CORNERS" NOT NULL ENABLE);
  ALTER TABLE "ADMIN_INTERFACE_THEME" ADD CHECK ("RELATED_MODAL_ROUNDED_CORNERS" IN (0,1)) ENABLE;
  ALTER TABLE "ADMIN_INTERFACE_THEME" MODIFY ("RECENT_ACTIONS_VISIBLE" NOT NULL ENABLE);
  ALTER TABLE "ADMIN_INTERFACE_THEME" ADD CHECK ("RECENT_ACTIONS_VISIBLE" IN (0,1)) ENABLE;
  ALTER TABLE "ADMIN_INTERFACE_THEME" MODIFY ("ENV_VISIBLE_IN_FAVICON" NOT NULL ENABLE);
  ALTER TABLE "ADMIN_INTERFACE_THEME" ADD CHECK ("ENV_VISIBLE_IN_FAVICON" IN (0,1)) ENABLE;
  ALTER TABLE "ADMIN_INTERFACE_THEME" MODIFY ("RELATED_MODAL_CLOSE_BUTTON3B73" NOT NULL ENABLE);
  ALTER TABLE "ADMIN_INTERFACE_THEME" ADD CHECK ("RELATED_MODAL_CLOSE_BUTTON3B73" IN (0,1)) ENABLE;
  ALTER TABLE "ADMIN_INTERFACE_THEME" ADD CONSTRAINT "ADMIN_INT_NAME_30BDA70F_U" UNIQUE ("NAME")
  USING INDEX PCTFREE 10 INITRANS 2 MAXTRANS 255 COMPUTE STATISTICS 
  STORAGE(INITIAL 65536 NEXT 1048576 MINEXTENTS 1 MAXEXTENTS 2147483645
  PCTINCREASE 0 FREELISTS 1 FREELIST GROUPS 1
  BUFFER_POOL DEFAULT FLASH_CACHE DEFAULT CELL_FLASH_CACHE DEFAULT)
  TABLESPACE "USERS"  ENABLE;
  ALTER TABLE "ADMIN_INTERFACE_THEME" MODIFY ("LANGUAGE_CHOOSER_ACTIVE" NOT NULL ENABLE);
  ALTER TABLE "ADMIN_INTERFACE_THEME" ADD CHECK ("LANGUAGE_CHOOSER_ACTIVE" IN (0,1)) ENABLE;
  ALTER TABLE "ADMIN_INTERFACE_THEME" MODIFY ("LIST_FILTER_STICKY" NOT NULL ENABLE);
  ALTER TABLE "ADMIN_INTERFACE_THEME" ADD CHECK ("LIST_FILTER_STICKY" IN (0,1)) ENABLE;
  ALTER TABLE "ADMIN_INTERFACE_THEME" MODIFY ("FORM_PAGINATION_STICKY" NOT NULL ENABLE);
  ALTER TABLE "ADMIN_INTERFACE_THEME" ADD CHECK ("FORM_PAGINATION_STICKY" IN (0,1)) ENABLE;
  ALTER TABLE "ADMIN_INTERFACE_THEME" MODIFY ("FORM_SUBMIT_STICKY" NOT NULL ENABLE);
  ALTER TABLE "ADMIN_INTERFACE_THEME" ADD CHECK ("FORM_SUBMIT_STICKY" IN (0,1)) ENABLE;
  ALTER TABLE "ADMIN_INTERFACE_THEME" MODIFY ("LOGO_MAX_HEIGHT" NOT NULL ENABLE);
  ALTER TABLE "ADMIN_INTERFACE_THEME" ADD CHECK ("LOGO_MAX_HEIGHT" >= 0) ENABLE;
  ALTER TABLE "ADMIN_INTERFACE_THEME" MODIFY ("LOGO_MAX_WIDTH" NOT NULL ENABLE);
  ALTER TABLE "ADMIN_INTERFACE_THEME" ADD CHECK ("LOGO_MAX_WIDTH" >= 0) ENABLE;
  ALTER TABLE "ADMIN_INTERFACE_THEME" MODIFY ("FOLDABLE_APPS" NOT NULL ENABLE);
  ALTER TABLE "ADMIN_INTERFACE_THEME" ADD CHECK ("FOLDABLE_APPS" IN (0,1)) ENABLE;
--------------------------------------------------------
--  Constraints for Table AUTH_GROUP
--------------------------------------------------------

  ALTER TABLE "AUTH_GROUP" MODIFY ("ID" NOT NULL ENABLE);
  ALTER TABLE "AUTH_GROUP" ADD PRIMARY KEY ("ID")
  USING INDEX PCTFREE 10 INITRANS 2 MAXTRANS 255 
  TABLESPACE "USERS"  ENABLE;
  ALTER TABLE "AUTH_GROUP" ADD UNIQUE ("NAME")
  USING INDEX PCTFREE 10 INITRANS 2 MAXTRANS 255 
  TABLESPACE "USERS"  ENABLE;
--------------------------------------------------------
--  Constraints for Table AUTH_GROUP_PERMISSIONS
--------------------------------------------------------

  ALTER TABLE "AUTH_GROUP_PERMISSIONS" MODIFY ("ID" NOT NULL ENABLE);
  ALTER TABLE "AUTH_GROUP_PERMISSIONS" MODIFY ("GROUP_ID" NOT NULL ENABLE);
  ALTER TABLE "AUTH_GROUP_PERMISSIONS" MODIFY ("PERMISSION_ID" NOT NULL ENABLE);
  ALTER TABLE "AUTH_GROUP_PERMISSIONS" ADD PRIMARY KEY ("ID")
  USING INDEX PCTFREE 10 INITRANS 2 MAXTRANS 255 
  TABLESPACE "USERS"  ENABLE;
  ALTER TABLE "AUTH_GROUP_PERMISSIONS" ADD CONSTRAINT "AUTH_GROU_GROUP_ID__0CD325B0_U" UNIQUE ("GROUP_ID", "PERMISSION_ID")
  USING INDEX PCTFREE 10 INITRANS 2 MAXTRANS 255 COMPUTE STATISTICS 
  TABLESPACE "USERS"  ENABLE;
--------------------------------------------------------
--  Constraints for Table AUTH_PERMISSION
--------------------------------------------------------

  ALTER TABLE "AUTH_PERMISSION" MODIFY ("ID" NOT NULL ENABLE);
  ALTER TABLE "AUTH_PERMISSION" MODIFY ("CONTENT_TYPE_ID" NOT NULL ENABLE);
  ALTER TABLE "AUTH_PERMISSION" ADD PRIMARY KEY ("ID")
  USING INDEX PCTFREE 10 INITRANS 2 MAXTRANS 255 
  STORAGE(INITIAL 65536 NEXT 1048576 MINEXTENTS 1 MAXEXTENTS 2147483645
  PCTINCREASE 0 FREELISTS 1 FREELIST GROUPS 1
  BUFFER_POOL DEFAULT FLASH_CACHE DEFAULT CELL_FLASH_CACHE DEFAULT)
  TABLESPACE "USERS"  ENABLE;
  ALTER TABLE "AUTH_PERMISSION" ADD CONSTRAINT "AUTH_PERM_CONTENT_T_01AB375A_U" UNIQUE ("CONTENT_TYPE_ID", "CODENAME")
  USING INDEX PCTFREE 10 INITRANS 2 MAXTRANS 255 COMPUTE STATISTICS 
  STORAGE(INITIAL 65536 NEXT 1048576 MINEXTENTS 1 MAXEXTENTS 2147483645
  PCTINCREASE 0 FREELISTS 1 FREELIST GROUPS 1
  BUFFER_POOL DEFAULT FLASH_CACHE DEFAULT CELL_FLASH_CACHE DEFAULT)
  TABLESPACE "USERS"  ENABLE;
--------------------------------------------------------
--  Constraints for Table AUTH_USER
--------------------------------------------------------

  ALTER TABLE "AUTH_USER" MODIFY ("ID" NOT NULL ENABLE);
  ALTER TABLE "AUTH_USER" MODIFY ("IS_SUPERUSER" NOT NULL ENABLE);
  ALTER TABLE "AUTH_USER" MODIFY ("IS_STAFF" NOT NULL ENABLE);
  ALTER TABLE "AUTH_USER" MODIFY ("IS_ACTIVE" NOT NULL ENABLE);
  ALTER TABLE "AUTH_USER" MODIFY ("DATE_JOINED" NOT NULL ENABLE);
  ALTER TABLE "AUTH_USER" ADD CHECK ("IS_SUPERUSER" IN (0,1)) ENABLE;
  ALTER TABLE "AUTH_USER" ADD CHECK ("IS_STAFF" IN (0,1)) ENABLE;
  ALTER TABLE "AUTH_USER" ADD CHECK ("IS_ACTIVE" IN (0,1)) ENABLE;
  ALTER TABLE "AUTH_USER" ADD PRIMARY KEY ("ID")
  USING INDEX PCTFREE 10 INITRANS 2 MAXTRANS 255 
  STORAGE(INITIAL 65536 NEXT 1048576 MINEXTENTS 1 MAXEXTENTS 2147483645
  PCTINCREASE 0 FREELISTS 1 FREELIST GROUPS 1
  BUFFER_POOL DEFAULT FLASH_CACHE DEFAULT CELL_FLASH_CACHE DEFAULT)
  TABLESPACE "USERS"  ENABLE;
  ALTER TABLE "AUTH_USER" ADD UNIQUE ("USERNAME")
  USING INDEX PCTFREE 10 INITRANS 2 MAXTRANS 255 
  STORAGE(INITIAL 65536 NEXT 1048576 MINEXTENTS 1 MAXEXTENTS 2147483645
  PCTINCREASE 0 FREELISTS 1 FREELIST GROUPS 1
  BUFFER_POOL DEFAULT FLASH_CACHE DEFAULT CELL_FLASH_CACHE DEFAULT)
  TABLESPACE "USERS"  ENABLE;
--------------------------------------------------------
--  Constraints for Table AUTH_USER_GROUPS
--------------------------------------------------------

  ALTER TABLE "AUTH_USER_GROUPS" MODIFY ("ID" NOT NULL ENABLE);
  ALTER TABLE "AUTH_USER_GROUPS" MODIFY ("USER_ID" NOT NULL ENABLE);
  ALTER TABLE "AUTH_USER_GROUPS" MODIFY ("GROUP_ID" NOT NULL ENABLE);
  ALTER TABLE "AUTH_USER_GROUPS" ADD PRIMARY KEY ("ID")
  USING INDEX PCTFREE 10 INITRANS 2 MAXTRANS 255 
  TABLESPACE "USERS"  ENABLE;
  ALTER TABLE "AUTH_USER_GROUPS" ADD CONSTRAINT "AUTH_USER_USER_ID_G_94350C0C_U" UNIQUE ("USER_ID", "GROUP_ID")
  USING INDEX PCTFREE 10 INITRANS 2 MAXTRANS 255 COMPUTE STATISTICS 
  TABLESPACE "USERS"  ENABLE;
--------------------------------------------------------
--  Constraints for Table AUTH_USER_USER_PERMISSIONS
--------------------------------------------------------

  ALTER TABLE "AUTH_USER_USER_PERMISSIONS" MODIFY ("ID" NOT NULL ENABLE);
  ALTER TABLE "AUTH_USER_USER_PERMISSIONS" MODIFY ("USER_ID" NOT NULL ENABLE);
  ALTER TABLE "AUTH_USER_USER_PERMISSIONS" MODIFY ("PERMISSION_ID" NOT NULL ENABLE);
  ALTER TABLE "AUTH_USER_USER_PERMISSIONS" ADD PRIMARY KEY ("ID")
  USING INDEX PCTFREE 10 INITRANS 2 MAXTRANS 255 
  TABLESPACE "USERS"  ENABLE;
  ALTER TABLE "AUTH_USER_USER_PERMISSIONS" ADD CONSTRAINT "AUTH_USER_USER_ID_P_14A6B632_U" UNIQUE ("USER_ID", "PERMISSION_ID")
  USING INDEX PCTFREE 10 INITRANS 2 MAXTRANS 255 COMPUTE STATISTICS 
  TABLESPACE "USERS"  ENABLE;
--------------------------------------------------------
--  Constraints for Table CORE_CONTACTO1
--------------------------------------------------------

  ALTER TABLE "CORE_CONTACTO1" MODIFY ("ID" NOT NULL ENABLE);
  ALTER TABLE "CORE_CONTACTO1" MODIFY ("AVISOS" NOT NULL ENABLE);
  ALTER TABLE "CORE_CONTACTO1" ADD CHECK ("AVISOS" IN (0,1)) ENABLE;
  ALTER TABLE "CORE_CONTACTO1" ADD PRIMARY KEY ("ID")
  USING INDEX PCTFREE 10 INITRANS 2 MAXTRANS 255 
  TABLESPACE "USERS"  ENABLE;
--------------------------------------------------------
--  Constraints for Table CORE_MARCA
--------------------------------------------------------

  ALTER TABLE "CORE_MARCA" MODIFY ("ID" NOT NULL ENABLE);
  ALTER TABLE "CORE_MARCA" ADD PRIMARY KEY ("ID")
  USING INDEX PCTFREE 10 INITRANS 2 MAXTRANS 255 
  STORAGE(INITIAL 65536 NEXT 1048576 MINEXTENTS 1 MAXEXTENTS 2147483645
  PCTINCREASE 0 FREELISTS 1 FREELIST GROUPS 1
  BUFFER_POOL DEFAULT FLASH_CACHE DEFAULT CELL_FLASH_CACHE DEFAULT)
  TABLESPACE "USERS"  ENABLE;
--------------------------------------------------------
--  Constraints for Table CORE_PRODUCTO
--------------------------------------------------------

  ALTER TABLE "CORE_PRODUCTO" MODIFY ("ID" NOT NULL ENABLE);
  ALTER TABLE "CORE_PRODUCTO" MODIFY ("PRECIO" NOT NULL ENABLE);
  ALTER TABLE "CORE_PRODUCTO" MODIFY ("PRECIO_OFERTA" NOT NULL ENABLE);
  ALTER TABLE "CORE_PRODUCTO" MODIFY ("NUEVO" NOT NULL ENABLE);
  ALTER TABLE "CORE_PRODUCTO" MODIFY ("MARCA_ID" NOT NULL ENABLE);
  ALTER TABLE "CORE_PRODUCTO" ADD CHECK ("NUEVO" IN (0,1)) ENABLE;
  ALTER TABLE "CORE_PRODUCTO" ADD PRIMARY KEY ("ID")
  USING INDEX PCTFREE 10 INITRANS 2 MAXTRANS 255 
  STORAGE(INITIAL 65536 NEXT 1048576 MINEXTENTS 1 MAXEXTENTS 2147483645
  PCTINCREASE 0 FREELISTS 1 FREELIST GROUPS 1
  BUFFER_POOL DEFAULT FLASH_CACHE DEFAULT CELL_FLASH_CACHE DEFAULT)
  TABLESPACE "USERS"  ENABLE;
--------------------------------------------------------
--  Constraints for Table DJANGO_ADMIN_LOG
--------------------------------------------------------

  ALTER TABLE "DJANGO_ADMIN_LOG" MODIFY ("ID" NOT NULL ENABLE);
  ALTER TABLE "DJANGO_ADMIN_LOG" MODIFY ("ACTION_TIME" NOT NULL ENABLE);
  ALTER TABLE "DJANGO_ADMIN_LOG" MODIFY ("ACTION_FLAG" NOT NULL ENABLE);
  ALTER TABLE "DJANGO_ADMIN_LOG" MODIFY ("USER_ID" NOT NULL ENABLE);
  ALTER TABLE "DJANGO_ADMIN_LOG" ADD CHECK ("ACTION_FLAG" >= 0) ENABLE;
  ALTER TABLE "DJANGO_ADMIN_LOG" ADD PRIMARY KEY ("ID")
  USING INDEX PCTFREE 10 INITRANS 2 MAXTRANS 255 
  STORAGE(INITIAL 65536 NEXT 1048576 MINEXTENTS 1 MAXEXTENTS 2147483645
  PCTINCREASE 0 FREELISTS 1 FREELIST GROUPS 1
  BUFFER_POOL DEFAULT FLASH_CACHE DEFAULT CELL_FLASH_CACHE DEFAULT)
  TABLESPACE "USERS"  ENABLE;
--------------------------------------------------------
--  Constraints for Table DJANGO_CONTENT_TYPE
--------------------------------------------------------

  ALTER TABLE "DJANGO_CONTENT_TYPE" MODIFY ("ID" NOT NULL ENABLE);
  ALTER TABLE "DJANGO_CONTENT_TYPE" ADD PRIMARY KEY ("ID")
  USING INDEX PCTFREE 10 INITRANS 2 MAXTRANS 255 
  STORAGE(INITIAL 65536 NEXT 1048576 MINEXTENTS 1 MAXEXTENTS 2147483645
  PCTINCREASE 0 FREELISTS 1 FREELIST GROUPS 1
  BUFFER_POOL DEFAULT FLASH_CACHE DEFAULT CELL_FLASH_CACHE DEFAULT)
  TABLESPACE "USERS"  ENABLE;
  ALTER TABLE "DJANGO_CONTENT_TYPE" ADD CONSTRAINT "DJANGO_CO_APP_LABEL_76BD3D3B_U" UNIQUE ("APP_LABEL", "MODEL")
  USING INDEX PCTFREE 10 INITRANS 2 MAXTRANS 255 COMPUTE STATISTICS 
  STORAGE(INITIAL 65536 NEXT 1048576 MINEXTENTS 1 MAXEXTENTS 2147483645
  PCTINCREASE 0 FREELISTS 1 FREELIST GROUPS 1
  BUFFER_POOL DEFAULT FLASH_CACHE DEFAULT CELL_FLASH_CACHE DEFAULT)
  TABLESPACE "USERS"  ENABLE;
--------------------------------------------------------
--  Constraints for Table DJANGO_MIGRATIONS
--------------------------------------------------------

  ALTER TABLE "DJANGO_MIGRATIONS" MODIFY ("ID" NOT NULL ENABLE);
  ALTER TABLE "DJANGO_MIGRATIONS" MODIFY ("APPLIED" NOT NULL ENABLE);
  ALTER TABLE "DJANGO_MIGRATIONS" ADD PRIMARY KEY ("ID")
  USING INDEX PCTFREE 10 INITRANS 2 MAXTRANS 255 
  STORAGE(INITIAL 65536 NEXT 1048576 MINEXTENTS 1 MAXEXTENTS 2147483645
  PCTINCREASE 0 FREELISTS 1 FREELIST GROUPS 1
  BUFFER_POOL DEFAULT FLASH_CACHE DEFAULT CELL_FLASH_CACHE DEFAULT)
  TABLESPACE "USERS"  ENABLE;
--------------------------------------------------------
--  Constraints for Table DJANGO_SESSION
--------------------------------------------------------

  ALTER TABLE "DJANGO_SESSION" MODIFY ("SESSION_KEY" NOT NULL ENABLE);
  ALTER TABLE "DJANGO_SESSION" MODIFY ("EXPIRE_DATE" NOT NULL ENABLE);
  ALTER TABLE "DJANGO_SESSION" ADD PRIMARY KEY ("SESSION_KEY")
  USING INDEX PCTFREE 10 INITRANS 2 MAXTRANS 255 
  STORAGE(INITIAL 65536 NEXT 1048576 MINEXTENTS 1 MAXEXTENTS 2147483645
  PCTINCREASE 0 FREELISTS 1 FREELIST GROUPS 1
  BUFFER_POOL DEFAULT FLASH_CACHE DEFAULT CELL_FLASH_CACHE DEFAULT)
  TABLESPACE "USERS"  ENABLE;
--------------------------------------------------------
--  Ref Constraints for Table AUTH_GROUP_PERMISSIONS
--------------------------------------------------------

  ALTER TABLE "AUTH_GROUP_PERMISSIONS" ADD CONSTRAINT "AUTH_GROU_GROUP_ID_B120CBF9_F" FOREIGN KEY ("GROUP_ID")
	  REFERENCES "AUTH_GROUP" ("ID") DEFERRABLE INITIALLY DEFERRED ENABLE;
  ALTER TABLE "AUTH_GROUP_PERMISSIONS" ADD CONSTRAINT "AUTH_GROU_PERMISSIO_84C5C92E_F" FOREIGN KEY ("PERMISSION_ID")
	  REFERENCES "AUTH_PERMISSION" ("ID") DEFERRABLE INITIALLY DEFERRED ENABLE;
--------------------------------------------------------
--  Ref Constraints for Table AUTH_PERMISSION
--------------------------------------------------------

  ALTER TABLE "AUTH_PERMISSION" ADD CONSTRAINT "AUTH_PERM_CONTENT_T_2F476E4B_F" FOREIGN KEY ("CONTENT_TYPE_ID")
	  REFERENCES "DJANGO_CONTENT_TYPE" ("ID") DEFERRABLE INITIALLY DEFERRED ENABLE;
--------------------------------------------------------
--  Ref Constraints for Table AUTH_USER_GROUPS
--------------------------------------------------------

  ALTER TABLE "AUTH_USER_GROUPS" ADD CONSTRAINT "AUTH_USER_USER_ID_6A12ED8B_F" FOREIGN KEY ("USER_ID")
	  REFERENCES "AUTH_USER" ("ID") DEFERRABLE INITIALLY DEFERRED ENABLE;
  ALTER TABLE "AUTH_USER_GROUPS" ADD CONSTRAINT "AUTH_USER_GROUP_ID_97559544_F" FOREIGN KEY ("GROUP_ID")
	  REFERENCES "AUTH_GROUP" ("ID") DEFERRABLE INITIALLY DEFERRED ENABLE;
--------------------------------------------------------
--  Ref Constraints for Table AUTH_USER_USER_PERMISSIONS
--------------------------------------------------------

  ALTER TABLE "AUTH_USER_USER_PERMISSIONS" ADD CONSTRAINT "AUTH_USER_USER_ID_A95EAD1B_F" FOREIGN KEY ("USER_ID")
	  REFERENCES "AUTH_USER" ("ID") DEFERRABLE INITIALLY DEFERRED ENABLE;
  ALTER TABLE "AUTH_USER_USER_PERMISSIONS" ADD CONSTRAINT "AUTH_USER_PERMISSIO_1FBB5F2C_F" FOREIGN KEY ("PERMISSION_ID")
	  REFERENCES "AUTH_PERMISSION" ("ID") DEFERRABLE INITIALLY DEFERRED ENABLE;
--------------------------------------------------------
--  Ref Constraints for Table CORE_PRODUCTO
--------------------------------------------------------

  ALTER TABLE "CORE_PRODUCTO" ADD CONSTRAINT "CORE_PROD_MARCA_ID_B2651E7A_F" FOREIGN KEY ("MARCA_ID")
	  REFERENCES "CORE_MARCA" ("ID") DEFERRABLE INITIALLY DEFERRED ENABLE;
--------------------------------------------------------
--  Ref Constraints for Table DJANGO_ADMIN_LOG
--------------------------------------------------------

  ALTER TABLE "DJANGO_ADMIN_LOG" ADD CONSTRAINT "DJANGO_AD_CONTENT_T_C4BCE8EB_F" FOREIGN KEY ("CONTENT_TYPE_ID")
	  REFERENCES "DJANGO_CONTENT_TYPE" ("ID") DEFERRABLE INITIALLY DEFERRED ENABLE;
  ALTER TABLE "DJANGO_ADMIN_LOG" ADD CONSTRAINT "DJANGO_AD_USER_ID_C564EBA6_F" FOREIGN KEY ("USER_ID")
	  REFERENCES "AUTH_USER" ("ID") DEFERRABLE INITIALLY DEFERRED ENABLE;
